Dagedog	zhix	85068842	85409012	1690165143	399973281	中国
Dagedog	EuphoricEthylene	85068842	22737838	1690028915	399438211	美国
Dagedog	maxpekmax	85068842	84668534	1690023802	399403518	英国
Dagedog	medakita	85068842	84108365	1690017965	399388876	日本
Dagedog	medakita	85068842	84108365	1690013243	399371701	日本
Dagedog	Gezort	85068842	86747835	1690011317	399360904	津巴布韦
Dagedog	zhix	85068842	85409012	1690009649	399353159	中国
Dagedog	Irkutianin	85068842	87490825	1690008413	399354926	俄罗斯
Dagedog	mikittyaichan	85068842	84015174	1689996692	399329715	台湾
Dagedog	kamohiko6	85068842	84567684	1689992925	399311165	日本
Dagedog	mikittyaichan	85068842	84015174	1689985175	399292544	台湾
Dagedog	beatuiful girl2	85068842	94004225	1689926248	399037596	中国
Dagedog	sinjohn1121	85068842	39337744	1689918151	399019971	台湾
Dagedog	EuphoricEthylene	85068842	22737838	1689912608	398991658	美国
Dagedog	ecocecoce	85068842	93898735	1689902091	398967527	中国
Dagedog	FARMER RON	85068842	90102227	1689897650	398959618	加拿大
Dagedog	makiko	85068842	14430448	1689842047	398719404	中国
Dagedog	Guo	85068842	30424192	1689841248	398712381	中国
Dagedog	ghostrider1986	85068842	84709020	1689838019	398707171	法国
Dagedog	dablast	85068842	94231816	1689836213	398690226	意大利
Dagedog	zhix	85068842	85409012	1689832190	398684803	中国
Dagedog	zhix	85068842	85409012	1689739466	398331041	中国
Dagedog	zhix	85068842	85409012	1689735869	398323290	中国
Dagedog	zhix	85068842	85409012	1689660922	398012206	中国
Dagedog	zhix	85068842	85409012	1689653816	397995886	中国
Dagedog	zhix	85068842	85409012	1689561759	397625928	中国
Dagedog	zhix	85068842	85409012	1689558438	397612487	中国
Dagedog	Cicino	85068842	1608368	1689232964	396348530	法国
Dagedog	Cicino	85068842	1608368	1689232284	396339118	法国
Dagedog	Pon Farr	85068842	83923919	1689229946	396336880	美国
Dagedog	capt-cuddles	85068842	88792636	1689222789	396317660	美国
Dagedog	zhix	85068842	85409012	1689213144	396282205	中国
Dagedog	zhix	85068842	85409012	1689211781	396280011	中国
Dagedog	zhix	85068842	85409012	1689210593	396276443	中国
Dagedog	zhix	85068842	85409012	1689143451	395987738	中国
Dagedog	zhix	85068842	85409012	1689135958	395964757	中国
Dagedog	zhix	85068842	85409012	1689133833	395961040	中国
Dagedog	zhix	85068842	85409012	1689058172	395646647	中国
Dagedog	zhix	85068842	85409012	1689048580	395625454	中国
Dagedog	zhix	85068842	85409012	1688978910	395333178	中国
Dagedog	Cylara	85068842	87601556	1688977257	395332273	法国
Dagedog	zhix	85068842	85409012	1688972547	395327300	中国
Dagedog	zhix	85068842	85409012	1688971003	395319171	中国
Dagedog	zhix	85068842	85409012	1688963763	395296926	中国
Dagedog	zhix	85068842	85409012	1688962454	395298422	中国
Dagedog	zhix	85068842	85409012	1688704515	394355671	中国
Dagedog	zhix	85068842	85409012	1688703352	394345498	中国
Dagedog	zhix	85068842	85409012	1688701498	394346711	中国
Dagedog	zhix	85068842	85409012	1688632751	394073879	中国
Dagedog	armatrong769	85068842	84708303	1688629276	394069229	意大利
Dagedog	skyfly7	85068842	84810911	1688627680	394060504	中国
Dagedog	zhix	85068842	85409012	1688528999	393707459	中国
Dagedog	zhix	85068842	85409012	1688445393	393394696	中国
Dagedog	zhix	85068842	85409012	1688367783	393097735	中国
Dagedog	zhix	85068842	85409012	1688365898	393080179	中国
Dagedog	zhix	85068842	85409012	1688363911	393082803	中国
Dagedog	zhix	85068842	85409012	1688355801	393067015	中国
beautiful boy2	coko99999996	94460499	90574041	1690246470	400303711	中国
beautiful boy2	Within the wind	94460499	94447506	1690207892	400105579	中国
beautiful boy2	billhao	94460499	85255171	1690207892	400105579	中国
beautiful boy2	billhao	94460499	85255171	1690202282	400097800	中国
beautiful boy2	Within the wind	94460499	94447506	1690202282	400097800	中国
beautiful boy2	Within the wind	94460499	94447506	1690198138	400075540	中国
beautiful boy2	billhao	94460499	85255171	1690198138	400075540	中国
beautiful boy2	wild2014	94460499	38836122	1690198138	400075540	中国
beautiful boy2	Within the wind	94460499	94447506	1690101381	399699759	中国
beautiful boy2	haibao1314	94460499	88636884	1690100057	399695705	美国
beautiful boy2	Mago Supremo	94460499	85745081	1690048085	399524442	巴西
beautiful boy2	Rdam010	94460499	93352316	1690044272	399508674	荷兰
beautiful boy2	skduf	94460499	83837413	1690036967	399461978	挪威
beautiful boy2	mynameisreallygeorge	94460499	94515914	1690036102	399465564	英国
beautiful boy2	johnpham	94460499	85101151	1689958365	399179862	越南
beautiful boy2	Meow_nayao_	94460499	94308680	1689957083	399166039	泰国
beautiful boy2	Malik007	94460499	87830039	1689949525	399139360	阿尔及利亚
beautiful boy2	Justysia	94460499	84655593	1689940328	399082728	波兰
beautiful boy2	libeccio111	94460499	94539801	1689930501	399050890	意大利
beautiful boy2	zero0831	94460499	90039761	1689918831	399016694	中国
beautiful boy2	LilofXi	94460499	85184318	1689917307	399017860	法国
beautiful boy2	mikldali	94460499	85600166	1689871313	398841330	立陶宛
beautiful boy2	Tonton Mak	94460499	84326799	1689869060	398827469	留尼汪岛
beautiful boy2	mouthcannon	94460499	12784504	1689866788	398818738	尼日尔
beautiful boy2	Raytan88	94460499	88292954	1689860019	398786784	爱尔兰
beautiful boy2	natchan720	94460499	90022146	1689855910	398763716	日本
beautiful boy2	te88ei	94460499	88118760	1689855910	398763716	科特迪瓦
beautiful boy2	JZLING	94460499	94226196	1689841457	398707518	阿联酋
beautiful boy2	appooollo	94460499	84850073	1689821645	398651091	台湾
beautiful boy2	Leeeeeeeeeeeeeeeeeeo	94460499	84623524	1689821645	398651091	Macao
beautiful boy2	Ghost1031	94460499	84622679	1689821645	398651091	台湾
beautiful boy2	MimicBox	94460499	54511795	1689775126	398455918	日本
beautiful boy2	davidl85	94460499	83976283	1689774141	398456673	意大利
beautiful boy2	jatt	94460499	84188888	1689772883	398444876	台湾
beautiful boy2	Natalita	94460499	83843275	1689771477	398449260	俄罗斯
beautiful boy2	mar80	94460499	54317180	1689768851	398429538	意大利
beautiful boy2	egg-captain	94460499	85147397	1689762978	398403204	台湾
beautiful boy2	yumeki	94460499	83872342	1689761980	398401740	日本
beautiful boy2	yumeki	94460499	83872342	1689755126	398370995	日本
beautiful boy2	Miku Quintuplet	94460499	92768412	1689752907	398365998	日本
beautiful boy2	bonifac	94460499	84194288	1689751772	398368185	匈牙利
beautiful boy2	Jellakee	94460499	94513969	1689737873	398328507	台湾
beautiful boy2	TFST	94460499	91385987	1689736602	398326443	韩国
beautiful boy2	billhao	94460499	85255171	1689690788	398120638	中国
beautiful boy2	Chasing the sun	94460499	93564560	1689690788	398120638	中国
beautiful boy2	Plus one_	94460499	93564006	1689687100	398118951	中国
beautiful boy2	jiucai	94460499	94020171	1689682962	398080397	中国
beautiful boy2	ecocecoce	94460499	93898735	1689672693	398051021	中国
beautiful boy2	ecocecoce	94460499	93898735	1689669551	398049081	中国
beautiful boy2	Within the wind	94460499	94447506	1689669551	398049081	中国
beautiful boy2	Plus one_	94460499	93564006	1689669551	398049081	中国
beautiful boy2	johnpham	94460499	85101151	1689646542	397973485	越南
beautiful boy2	Within the wind	94460499	94447506	1689607602	397796389	中国
beautiful boy2	billhao	94460499	85255171	1689607602	397796389	中国
beautiful boy2	jiucai	94460499	94020171	1689607602	397796389	中国
beautiful boy2	Within the wind	94460499	94447506	1689597619	397748847	中国
beautiful boy2	ecocecoce	94460499	93898735	1689597619	397748847	中国
beautiful boy2	Plus one_	94460499	93564006	1689597619	397748847	中国
beautiful boy2	Chasing the sun	94460499	93564560	1689593807	397727579	中国
beautiful boy2	Sylvia_Enid	94460499	91746113	1689593807	397727579	中国
beautiful boy2	Within the wind	94460499	94447506	1689593807	397727579	中国
beautiful boy2	Banff	94460499	84922911	1689591570	397729842	中国
beautiful boy2	sougekishin	94460499	48434053	1689586264	397700052	日本
beautiful boy2	erwinxu	94460499	94298783	1689583200	397685308	中国
beautiful boy2	Sironel	94460499	85345856	1689574127	397663602	日本
beautiful boy2	Earthlarge	94460499	87226654	1689557882	397614427	日本
beautiful boy2	Wormington	94460499	91144570	1689552757	397606542	澳大利亚
beautiful boy2	SpiritRush	94460499	94535390	1689519312	397445323	立陶宛
beautiful boy2	Within the wind	94460499	94447506	1689509031	397386399	中国
beautiful boy2	jiucai	94460499	94020171	1689509031	397386399	中国
beautiful boy2	billhao	94460499	85255171	1689509031	397386399	中国
beautiful boy2	Conney	94460499	84707541	1689507727	397387455	澳大利亚
beautiful boy2	Mel42	94460499	85819072	1689505297	397376516	法国
beautiful boy2	lockedhome	94460499	85971261	1689485924	397307319	印尼
beautiful boy2	Whinesalot	94460499	84422612	1688803562	394697321	芬兰
beautiful boy2	Plus one_	94460499	93564006	1689479953	397290064	中国
beautiful boy2	Rdam010	94460499	93352316	1689470727	397277730	荷兰
beautiful boy2	Earthlarge	94460499	87226654	1689469871	397268608	日本
beautiful boy2	Aloxz	94460499	12565254	1689467817	397260862	意大利
beautiful boy2	Humourless Lama	94460499	87274102	1689463147	397245649	加拿大
beautiful boy2	Within the wind	94460499	94447506	1689403537	396992279	中国
beautiful boy2	Mai345	94460499	84170738	1689350229	396802572	爱沙尼亚
beautiful boy2	cpma	94460499	85420127	1689346851	396784036	爱尔兰
beautiful boy2	Toutouil	94460499	94458660	1689346851	396784036	法国
beautiful boy2	Within the wind	94460499	94447506	1689342479	396761004	中国
beautiful boy2	Chasing the sun	94460499	93564560	1689337397	396734079	中国
beautiful boy2	billhao	94460499	85255171	1689337397	396734079	中国
beautiful boy2	Within the wind	94460499	94447506	1689337397	396734079	中国
beautiful boy2	Nicol Bolas Guo	94460499	93586565	1689259251	396447106	中国
beautiful boy2	Within the wind	94460499	94447506	1689259251	396447106	中国
beautiful boy2	Within the wind	94460499	94447506	1689254532	396426820	中国
beautiful boy2	Nicol Bolas Guo	94460499	93586565	1689254532	396426820	中国
beautiful boy2	billhao	94460499	85255171	1689249063	396391127	中国
beautiful boy2	Radka_Ol	94460499	72223131	1688827190	394780020	捷克
beautiful boy2	Plus one_	94460499	93564006	1689174772	396118584	中国
beautiful boy2	Onityana	94460499	94401708	1689174772	396118584	中国
beautiful boy2	Within the wind	94460499	94447506	1689165699	396071341	中国
beautiful boy2	Chasing the sun	94460499	93564560	1689165699	396071341	中国
beautiful boy2	chenymandy	94460499	92017275	1689165699	396071341	中国
beautiful boy2	Chasing the sun	94460499	93564560	1689161599	396052271	中国
beautiful boy2	Within the wind	94460499	94447506	1689161599	396052271	中国
beautiful boy2	davidl85	94460499	83976283	1689154507	396022780	意大利
beautiful boy2	anthonycj04	94460499	90842894	1689154507	396022780	台湾
beautiful boy2	Iternas	94460499	19663711	1689153339	396026202	俄罗斯
beautiful boy2	angelben56	94460499	4645851	1689149861	396009779	法国
beautiful boy2	jatt	94460499	84188888	1689148181	396004043	台湾
beautiful boy2	HindiHunter377	94460499	93126532	1689147005	395994089	印度
beautiful boy2	whylive	94460499	76406229	1689141434	395988802	肯尼亚
beautiful boy2	Tao Zhu	94460499	84897856	1689137123	395978700	中国
beautiful boy2	osh1o	94460499	87043557	1689091151	395775287	马达加斯加岛
beautiful boy2	billhao	94460499	85255171	1689085504	395746639	中国
beautiful boy2	Radka_Ol	94460499	72223131	1688687340	394256605	捷克
beautiful boy2	chenymandy	94460499	92017275	1689076205	395708158	中国
beautiful boy2	Within the wind	94460499	94447506	1689076205	395708158	中国
beautiful boy2	Chasing the sun	94460499	93564560	1689068053	395674889	中国
beautiful boy2	Within the wind	94460499	94447506	1689064103	395667847	中国
beautiful boy2	Chasing the sun	94460499	93564560	1689064103	395667847	中国
beautiful boy2	Sang Royal	94460499	86582378	1689062096	395667081	乌克兰
beautiful boy2	bxy	94460499	83864471	1689060217	395654285	中国
beautiful boy2	Janola	94460499	85108962	1689058251	395642759	新西兰
beautiful boy2	Nicole49	94460499	41370807	1689056676	395647145	法国
beautiful boy2	Lin A Ma	94460499	90810473	1689055239	395644790	台湾
beautiful boy2	rikx81	94460499	83922283	1689007481	395469780	意大利
beautiful boy2	filipposan	94460499	83889905	1689006426	395458217	意大利
beautiful boy2	Plus one_	94460499	93564006	1688999928	395422874	中国
beautiful boy2	Chasing the sun	94460499	93564560	1688999928	395422874	中国
beautiful boy2	Within the wind	94460499	94447506	1688999928	395422874	中国
beautiful boy2	Chasing the sun	94460499	93564560	1688993216	395397221	中国
beautiful boy2	Plus one_	94460499	93564006	1688993216	395397221	中国
beautiful boy2	egg-captain	94460499	85147397	1688984129	395358385	台湾
beautiful boy2	HANAchan	94460499	36293926	1688983002	395352081	日本
beautiful boy2	firstblood15	94460499	93844711	1688980158	395346882	中国
beautiful boy2	Earthlarge	94460499	87226654	1688937519	395217426	日本
beautiful boy2	Niluje	94460499	15278206	1688935396	395201997	乌兹别克斯坦
beautiful boy2	nitzi2	94460499	85470880	1688636482	394082458	以色列
beautiful boy2	Yani	94460499	36802656	1688914285	395106704	阿根廷
beautiful boy2	Plus one_	94460499	93564006	1688908276	395079115	中国
beautiful boy2	Within the wind	94460499	94447506	1688905054	395068510	中国
beautiful boy2	Chasing the sun	94460499	93564560	1688905054	395068510	中国
beautiful boy2	anomissy	94460499	38519150	1688893816	395013474	罗马尼亚
beautiful boy2	Gezort	94460499	86747835	1688882127	394982943	津巴布韦
beautiful boy2	miraclewind	94460499	84223778	1688881041	394989570	台湾
beautiful boy2	Meneghini	94460499	83917157	1688864269	394933969	美国
beautiful boy2	valira	94460499	85051072	1688824954	394779839	西班牙
beautiful boy2	ManageableTortes	94460499	92291462	1688824954	394779839	塞尔维亚
beautiful boy2	ForeverPlush	94460499	86591389	1688825729	394785193	洪都拉斯
beautiful boy2	Pakkita	94460499	92903875	1688819522	394757435	葡萄牙
beautiful boy2	honu29	94460499	88778639	1688816228	394740673	日本
beautiful boy2	kobayashiQAQT	94460499	85198548	1688813588	394737324	日本
beautiful boy2	Juklebesch	94460499	84041664	1688809056	394712559	奥地利
beautiful boy2	tiandui	94460499	40170992	1688806805	394715202	阿富汗
beautiful boy2	flysonics	94460499	15465948	1688801415	394690284	马来西亚
beautiful boy2	filipposan	94460499	83889905	1688746168	394504902	意大利
beautiful boy2	ponga7	94460499	83952787	1688744219	394493382	意大利
beautiful boy2	Chasing the sun	94460499	93564560	1688710319	394366706	中国
beautiful boy2	Meow_nayao_	94460499	94308680	1688710319	394366706	泰国
beautiful boy2	beatuiful girl2	94460499	94004225	1688693568	394328843	中国
beautiful boy2	LJCLCJ	94460499	84014102	1688692217	394323200	台湾
beautiful boy2	joehazard	94460499	83911177	1688651392	394145339	阿富汗
beautiful boy2	ISOTTALAMORA	94460499	90195191	1688645492	394127214	意大利
beautiful boy2	guillermomo	94460499	84474058	1688636888	394095262	新喀里多尼亚
beautiful boy2	suslico	94460499	85846594	1688631147	394077974	斯洛文尼亚
beautiful boy2	SelBen	94460499	83915243	1688578260	393896170	法国
beautiful boy2	doskoi203	94460499	88567977	1688564688	393823047	日本
beautiful boy2	reis86	94460499	85178576	1688563233	393823021	巴拉圭
beautiful boy2	AKNT810114514	94460499	85175747	1688560166	393809167	维尔京群岛(英国)
beautiful boy2	Mariflower	94460499	60136052	1688547849	393763371	希腊
beautiful boy2	Spring_	94460499	85265525	1688530816	393719093	未知
beautiful boy2	Eildun	94460499	91725859	1688528117	393705567	墨西哥
beautiful boy2	Auriamrcf	94460499	83907199	1688520031	393684997	巴西
beautiful boy2	kakarat	94460499	45176039	1688475846	393499856	保加利亚
beautiful boy2	ambak	94460499	86867714	1688474138	393487997	波兰
beautiful boy2	Kittymiao05	94460499	87856682	1688463997	393450730	加拿大
beautiful boy2	ttt123	94460499	84471051	1688460834	393440900	越南
beautiful boy2	bonifac	94460499	84194288	1688459162	393439594	匈牙利
beautiful boy2	pudele0	94460499	85400689	1688457754	393431290	乌克兰
beautiful boy2	MadMatter	94460499	92850717	1688451881	393413383	牙买加
beautiful boy2	movirano	94460499	63949579	1688446707	393408120	瑞士
beautiful boy2	Carmeldriesc	94460499	88884982	1688445457	393394917	荷兰
beautiful boy2	seke	94460499	84128429	1688443726	393394492	波兰
beautiful boy2	alexlebedev	94460499	93706157	1688401914	393234260	瑞典
beautiful boy2	sheremetova	94460499	93706161	1688401914	393234260	瑞典
beautiful boy2	nannasom	94460499	94465790	1688389748	393177682	韩国
beautiful boy2	Chrisss	94460499	84497480	1688386588	393154488	比利时
beautiful boy2	Lucaluckyluke	94460499	94316354	1688385537	393159244	美国
beautiful boy2	marika 123	94460499	93774143	1688383792	393142637	白俄罗斯
beautiful boy2	Adwokat	94460499	83959459	1688381816	393138369	马耳他
beautiful boy2	Lenux56	94460499	89213932	1688374369	393110474	亚美尼亚
beautiful boy2	Dopen	94460499	93491969	1688372761	393107279	俄罗斯
beautiful boy2	kikate	94460499	88617526	1688365975	393090010	伊朗
beautiful boy2	Wormington	94460499	91144570	1688359008	393075752	澳大利亚
beautiful boy2	ulhan	94460499	85310795	1688357840	393064779	法国
beautiful boy2	Jubaea45	94460499	93168679	1688354188	393060541	西班牙
beautiful boy2	noknotuntiesitself	94460499	37634335	1688353202	393052598	美国
beautiful boy2	makaronin-n	94460499	91001684	1688352362	393051186	日本
beautiful boy2	kakarat	94460499	45176039	1688316929	392916286	保加利亚
beautiful boy2	k---azmodan	94460499	94264391	1688315603	392914230	中国
beautiful boy2	MsJaspidea	94460499	87298042	1688314450	392907815	德国
beautiful boy2	andreafromhk	94460499	84095897	1688311593	392899401	英国
beautiful boy2	GiulioN	94460499	16286909	1688310125	392880205	意大利
dawnluke	yucaschan	73878937	93207706	1690181271	400010303	中国
dawnluke	kunis	73878937	88063945	1689901063	398966496	比利时
dawnluke	kikate	73878937	88617526	1689818434	398646538	伊朗
dawnluke	yumeki	73878937	83872342	1689730256	398303075	日本
dawnluke	Kittymiao05	73878937	87856682	1689646183	397976856	加拿大
dawnluke	Prokrastination123	73878937	91574740	1689581245	397680754	德国
dawnluke	zps1234567890	73878937	83835987	1688816458	394743374	中国
dawnluke	cocoon1406	73878937	88123955	1688815227	394742020	法国
dawnluke	Marti2309	73878937	83866079	1688808225	394710007	德国
dawnluke	yoFayyang	73878937	84317378	1688790048	394660474	台湾
dawnluke	Morkret	73878937	18717514	1688732595	394432649	波兰
dawnluke	Natalita	73878937	83843275	1688712811	394373063	俄罗斯
dawnluke	Moderix	73878937	84609284	1688542772	393740165	俄罗斯
dawnluke	ttt123	73878937	84471051	1688368052	393090465	越南
Sylvia_Enid	-0A0-	91746113	90901715	1689677577	398061039	中国
Sylvia_Enid	Zmiy	91746113	88727611	1689671117	398046027	俄罗斯
Sylvia_Enid	nekoinu	91746113	84680977	1689670168	398049114	日本
Sylvia_Enid	artabas	91746113	92890758	1689597092	397743818	法国
Sylvia_Enid	Within the wind	91746113	94447506	1689593807	397727579	中国
Sylvia_Enid	ecocecoce	91746113	93898735	1689592748	397724548	中国
Sylvia_Enid	xiaoyonglian	91746113	94511450	1689591285	397723241	中国
Sylvia_Enid	Earthlarge	91746113	87226654	1689589993	397718216	日本
Sylvia_Enid	Pierrot86	91746113	84762139	1689589124	397716592	法国
Sylvia_Enid	Sunrise3	91746113	93532789	1689586775	397707424	意大利
Sylvia_Enid	NguyenThaiLat	91746113	92089825	1689583896	397691214	越南
Sylvia_Enid	SEMA	91746113	84358987	1689582795	397698810	意大利
Sylvia_Enid	yumeki	91746113	83872342	1689581126	397681524	日本
Sylvia_Enid	Morkret	91746113	18717514	1689580386	397689161	波兰
Sylvia_Enid	DanceAlone	91746113	84481327	1689578172	397672604	台湾
Sylvia_Enid	Morkret	91746113	18717514	1689576661	397664979	波兰
Sylvia_Enid	KakiFry	91746113	85045766	1689573619	397668830	日本
Sylvia_Enid	KakiFry	91746113	85045766	1689572843	397650208	日本
Sylvia_Enid	medakita	91746113	84108365	1689571702	397657884	日本
Sylvia_Enid	izzy_w	91746113	92369970	1689568038	397641525	美国
Sylvia_Enid	SAWAWA256	91746113	92522336	1689565324	397631897	日本
Sylvia_Enid	Chasing the sun	91746113	93564560	1689563323	397631502	中国
Sylvia_Enid	Regulus Channel	91746113	85379682	1689562197	397620079	日本
Sylvia_Enid	FARMER RON	91746113	90102227	1689561418	397623567	加拿大
Sylvia_Enid	yumeki	91746113	83872342	1689560936	397629926	日本
Sylvia_Enid	yumeki	91746113	83872342	1689559737	397628762	日本
Sylvia_Enid	Auriamrcf	91746113	83907199	1689557533	397616636	巴西
Sylvia_Enid	Urumii	91746113	91054126	1689510200	397397217	法国
Sylvia_Enid	newdivide24	91746113	88678468	1689509400	397391672	越南
Sylvia_Enid	lucasimir	91746113	92792145	1689508357	397380638	法国
Sylvia_Enid	Jellakee	91746113	94513969	1689308442	396642582	台湾
Sylvia_Enid	sushima	91746113	84362611	1689302502	396629567	台湾
Sylvia_Enid	beatuiful girl2	91746113	94004225	1689300030	396626190	中国
Sylvia_Enid	Want_You	91746113	84212710	1689298978	396618087	俄罗斯
Sylvia_Enid	nekoinu	91746113	84680977	1689247872	396391532	日本
Sylvia_Enid	Marina Zakharova	91746113	88324437	1689245236	396387691	俄罗斯
Sylvia_Enid	CXHHXC	91746113	93778231	1689038929	395594068	英国
Sylvia_Enid	Jubaea45	91746113	93168679	1688999420	395426232	西班牙
Sylvia_Enid	dstm	91746113	84078993	1688992336	395386239	日本
Sylvia_Enid	shaxiaoNI	91746113	88301784	1688985452	395368580	中国
Sylvia_Enid	akagame	91746113	88285996	1688982824	395355941	日本
Sylvia_Enid	SnakyJohn	91746113	88217851	1688981598	395341157	比利时
Sylvia_Enid	dingxinyii	91746113	93718418	1688979291	395344010	中国
Sylvia_Enid	Slowduck	91746113	84280301	1688978205	395335076	越南
Sylvia_Enid	younoface	91746113	93729276	1688973712	395324823	中国
Sylvia_Enid	wayway	91746113	45283264	1688972673	395324050	安圭拉岛
Sylvia_Enid	You dont know	91746113	85430304	1688971859	395310546	澳大利亚
Sylvia_Enid	Marinaaaaaa M	91746113	94229060	1688969811	395314690	香港
Sylvia_Enid	Marinaaaaaa M	91746113	94229060	1688968811	395300218	香港
Sylvia_Enid	dys0909	91746113	94470306	1688964471	395297308	中国
Sylvia_Enid	size0	91746113	85250411	1688959698	395284976	中国
Sylvia_Enid	effohex	91746113	84460035	1688958441	395280352	美国
Sylvia_Enid	MimicBox	91746113	54511795	1688957331	395280580	日本
Sylvia_Enid	younoface	91746113	93729276	1688953139	395269869	中国
Sylvia_Enid	saltytaaa	91746113	88426718	1688897116	395035421	日本
Sylvia_Enid	chun0528	91746113	30040554	1688897116	395035421	日本
Sylvia_Enid	Guignoulce	91746113	88293308	1688894209	395021641	法国
Sylvia_Enid	aoghk	91746113	94485122	1688888868	395002923	韩国
Sylvia_Enid	Gezort	91746113	86747835	1688883536	394980676	津巴布韦
Sylvia_Enid	MawqBe	91746113	87915349	1688881478	394988881	美国
Sylvia_Enid	tiandui	91746113	40170992	1688878588	394977764	阿富汗
Sylvia_Enid	vmfodzmf	91746113	83868349	1688877628	394973942	韩国
Sylvia_Enid	vmfodzmf	91746113	83868349	1688876219	394965988	韩国
Sylvia_Enid	MimicBox	91746113	54511795	1688875635	394969477	日本
Sylvia_Enid	MimicBox	91746113	54511795	1688874754	394967445	日本
Sylvia_Enid	alphagor	91746113	8642645	1688873872	394969423	加拿大
Sylvia_Enid	black shadow 0222	91746113	91622995	1688873088	394968361	日本
Sylvia_Enid	LubeGao	91746113	94472522	1688868797	394958111	中国
Sylvia_Enid	Mago Supremo	91746113	85745081	1688866647	394943065	巴西
Sylvia_Enid	Mago Supremo	91746113	85745081	1688865542	394940292	巴西
Sylvia_Enid	Mago Supremo	91746113	85745081	1688864555	394939389	巴西
Sylvia_Enid	gardener1817	91746113	14136407	1688861795	394933213	美国
Sylvia_Enid	Otyazuke	91746113	24514796	1688861795	394933213	日本
Sylvia_Enid	Mmmok	91746113	94114984	1688860793	394930150	意大利
Sylvia_Enid	caio curry	91746113	85707952	1688859072	394922675	德国
Sylvia_Enid	caio curry	91746113	85707952	1688857517	394921331	德国
Sylvia_Enid	andreafromhk	91746113	84095897	1688823707	394774105	英国
Sylvia_Enid	SABABAN	91746113	84627905	1688823206	394774572	日本
Sylvia_Enid	tortumelle	91746113	37232421	1688819517	394754376	法国
Sylvia_Enid	-0A0-	91746113	90901715	1688817576	394748978	中国
Sylvia_Enid	-0A0-	91746113	90901715	1688816647	394748894	中国
Sylvia_Enid	Eze	91746113	83993071	1688809144	394712079	法国
Sylvia_Enid	NaTiZnt	91746113	84740144	1688806209	394701749	法国
Sylvia_Enid	tortumelle	91746113	37232421	1688805479	394708877	法国
Sylvia_Enid	Mai345	91746113	84170738	1688803662	394703912	爱沙尼亚
Sylvia_Enid	seregions	91746113	21210306	1688803192	394705470	意大利
Sylvia_Enid	Suprem Leek	91746113	84437042	1688802234	394696367	法国
Sylvia_Enid	mar80	91746113	54317180	1688801473	394695745	意大利
Sylvia_Enid	anomissy	91746113	38519150	1688799628	394690700	罗马尼亚
Sylvia_Enid	alexlovebg	91746113	85600685	1688798869	394681777	马来西亚
Sylvia_Enid	kenneth5006	91746113	84536692	1688798349	394684036	台湾
Sylvia_Enid	hf6887	91746113	93206413	1688797507	394682983	台湾
Sylvia_Enid	MimicBox	91746113	54511795	1688794837	394675046	日本
Sylvia_Enid	Eildun	91746113	91725859	1688786077	394657484	墨西哥
Sylvia_Enid	doskoi203	91746113	88567977	1688784619	394657830	日本
Sylvia_Enid	LanTian12580	91746113	92434302	1688749495	394519339	中国
Sylvia_Enid	Rhapsodie	91746113	83981689	1688747288	394502367	法国
Sylvia_Enid	alphagor	91746113	8642645	1688744837	394494606	加拿大
Sylvia_Enid	MimicBox	91746113	54511795	1688742935	394482966	日本
Sylvia_Enid	Sherryn	91746113	84941693	1688741985	394484222	瑞士
Sylvia_Enid	Zothen Elfric	91746113	84147413	1688741097	394478208	法国
Sylvia_Enid	kikate	91746113	88617526	1688719254	394394402	伊朗
Sylvia_Enid	saltytaaa	91746113	88426718	1688719254	394394402	日本
Sylvia_Enid	Francine013	91746113	86868254	1688715193	394387400	荷兰
Sylvia_Enid	LJCLCJ	91746113	84014102	1688712682	394373523	台湾
Sylvia_Enid	yama51aqua	91746113	84057660	1688711365	394366359	日本
Sylvia_Enid	duperjeffrey	91746113	84511046	1688710323	394366176	香港
Sylvia_Enid	Mafe55	91746113	4888892	1688705109	394353323	意大利
Sylvia_Enid	hf6887	91746113	93206413	1688704356	394355421	台湾
Sylvia_Enid	And	91746113	64663358	1688703236	394344138	中国
Sylvia_Enid	darinvg	91746113	83910298	1688700207	394340021	美国
Sylvia_Enid	Marinaaaaaa M	91746113	94229060	1688699178	394336488	香港
Sylvia_Enid	yatming23	91746113	35229233	1688656777	394172992	香港
Sylvia_Enid	charlieRJ	91746113	83835763	1688655803	394163397	巴西
Sylvia_Enid	tkok4492	91746113	88000711	1688654231	394165851	日本
Sylvia_Enid	tkok4492	91746113	88000711	1688649991	394146433	日本
Sylvia_Enid	ekaterinad	91746113	84662145	1688649306	394145740	俄罗斯
Sylvia_Enid	broken_alice	91746113	84547541	1688636594	394092861	日本
Sylvia_Enid	Shimizu	91746113	40990493	1688632438	394079458	日本
Sylvia_Enid	size0	91746113	85250411	1688628024	394068655	中国
Sylvia_Enid	bxy	91746113	83864471	1688622513	394049069	中国
Sylvia_Enid	shaxiaoNI	91746113	88301784	1688621703	394046657	中国
Sylvia_Enid	movirano	91746113	63949579	1688619956	394047513	瑞士
Sylvia_Enid	aoghk	91746113	94485122	1688616557	394037374	韩国
Sylvia_Enid	Kittymiao05	91746113	87856682	1688615731	394038062	加拿大
Sylvia_Enid	suppersunris	91746113	84250980	1688606192	394007767	中国
Sylvia_Enid	GG-Ling	91746113	93851612	1688557543	393787899	香港
Sylvia_Enid	mandy_1207	91746113	94404975	1688557543	393787899	香港
Sylvia_Enid	artabas	91746113	92890758	1688556637	393794132	法国
Sylvia_Enid	pudele0	91746113	85400689	1688555717	393786388	乌克兰
Sylvia_Enid	brunoloo	91746113	86781085	1688554345	393784953	法国
Sylvia_Enid	Guandja44	91746113	85740098	1688549542	393760307	法国
Sylvia_Enid	Natalita	91746113	83843275	1688539272	393734255	俄罗斯
Sylvia_Enid	Natalita	91746113	83843275	1688538369	393734403	俄罗斯
Sylvia_Enid	Marinaaaaaa M	91746113	94229060	1688535524	393722564	香港
Sylvia_Enid	skyfly7	91746113	84810911	1688534320	393729422	中国
Sylvia_Enid	Kittymiao05	91746113	87856682	1688532883	393712548	加拿大
Sylvia_Enid	gufo779	91746113	84542168	1688531188	393712244	意大利
Sylvia_Enid	purittsuzz	91746113	84905405	1688528024	393708927	日本
Sylvia_Enid	22003	91746113	84452416	1688526677	393706224	台湾
Sylvia_Enid	purittsuzz	91746113	84905405	1688524478	393699598	日本
Sylvia_Enid	actually_salty	91746113	89508140	1688522466	393699293	美国
Sylvia_Enid	yumeki	91746113	83872342	1688521464	393690131	日本
Sylvia_Enid	Niro	91746113	86355778	1688461629	393439789	日本
Sylvia_Enid	Miyasoe1	91746113	94069186	1688458262	393434652	中国
Sylvia_Enid	sheremetova	91746113	93706161	1688458262	393434652	瑞典
Sylvia_Enid	irsin	91746113	83976884	1688456953	393425168	波兰
Sylvia_Enid	polza711	91746113	88013203	1688455888	393429035	乌克兰
Sylvia_Enid	Lenux56	91746113	89213932	1688453960	393416849	亚美尼亚
Sylvia_Enid	fighting999	91746113	91121502	1688451656	393412932	中国
Sylvia_Enid	bonifac	91746113	84194288	1688450025	393406178	匈牙利
Sylvia_Enid	Carmeldriesc	91746113	88884982	1688448658	393409225	荷兰
Sylvia_Enid	MargauxS_	91746113	84876520	1688447488	393407522	法国
Sylvia_Enid	movirano	91746113	63949579	1688445732	393396577	瑞士
Sylvia_Enid	aoghk	91746113	94485122	1688439153	393384611	韩国
Sylvia_Enid	weiershidon	91746113	84403600	1688438306	393370098	中国
Sylvia_Enid	NguyenThaiLat	91746113	92089825	1688436767	393374194	越南
Sylvia_Enid	JackSolo	91746113	29918148	1688435389	393371790	意大利
Sylvia_Enid	JackSolo	91746113	29918148	1688434061	393367487	意大利
Sylvia_Enid	Erza_Scarlet	91746113	84054913	1688432337	393363523	加拿大
Sylvia_Enid	Marti2309	91746113	83866079	1688389017	393163539	德国
Sylvia_Enid	Kat2012	91746113	88035450	1688387824	393167814	美国
Sylvia_Enid	snake9491	91746113	84771135	1688386688	393152039	法国
Sylvia_Enid	PeregrineFalcons	91746113	92039334	1688382660	393142841	乌克兰
Sylvia_Enid	raypk2001	91746113	84504431	1688382660	393142841	台湾
Sylvia_Enid	elitsa	91746113	83844200	1688381335	393130887	保加利亚
Sylvia_Enid	cindyww	91746113	90765736	1688380563	393132415	台湾
Sylvia_Enid	yumeki	91746113	83872342	1688376379	393126580	日本
Sylvia_Enid	Rdam010	91746113	93352316	1688374238	393114434	荷兰
Sylvia_Enid	Govz	91746113	85579533	1688373189	393111011	法国
Sylvia_Enid	PaxPaxPax	91746113	88994435	1688370919	393109234	意大利
Sylvia_Enid	a_o_i_	91746113	92876377	1688369588	393100050	日本
Sylvia_Enid	Francky4doigts	91746113	84243241	1688368193	393098756	法国
Sylvia_Enid	NaTiZnt	91746113	84740144	1688367212	393090423	法国
Sylvia_Enid	LubeGao	91746113	94472522	1688366308	393096321	中国
Sylvia_Enid	toinebsarg	91746113	85406457	1688365179	393083818	法国
Sylvia_Enid	Ludy	91746113	84901953	1688358778	393070602	台湾
Sylvia_Enid	pabu the fire ferret	91746113	92782054	1688356049	393065955	法国
Sylvia_Enid	ngtouyn	91746113	90929238	1688355374	393067483	越南
Sylvia_Enid	younoface	91746113	93729276	1688352629	393059717	中国
Sylvia_Enid	dawnluke	91746113	73878937	1688350770	393054752	中国
Sylvia_Enid	younoface	91746113	93729276	1688349137	393041128	中国
Sylvia_Enid	hetare	91746113	84173342	1688348613	393040117	日本
Sylvia_Enid	BrennanMCarmody	91746113	94307316	1688347647	393046084	ERROR
Sylvia_Enid	yumeki	91746113	83872342	1688345813	393034399	日本
Sylvia_Enid	marika 123	91746113	93774143	1688313027	392895138	白俄罗斯
Sylvia_Enid	marutaniGX	91746113	86519521	1688309684	392884072	日本
Sylvia_Enid	motek339	91746113	83868097	1688307961	392879974	波兰
Sylvia_Enid	tayuc	91746113	30022853	1688306052	392860914	台湾
Sylvia_Enid	Naina0512	91746113	88407876	1688303379	392850132	哈萨克斯坦
Sylvia_Enid	Keysmusic	91746113	84296471	1688292307	392807187	意大利
Sylvia_Enid	Tuzki	91746113	34487401	1688290443	392801202	中国
Sylvia_Enid	Romane45750	91746113	92518057	1688288613	392790765	法国
myniGG	pachipachi-man	83823675	84551963	1688999216	395422440	安提瓜和巴布达
myniGG	beatuiful girl2	83823675	94004225	1688995737	395404184	中国
wild2014	Alecu1	38836122	84134079	1690213707	400143958	罗马尼亚
wild2014	Within the wind	38836122	94447506	1690209752	400121257	中国
wild2014	beautiful boy2	38836122	94460499	1690209752	400121257	中国
wild2014	ManageableTortes	38836122	92291462	1690206402	400118860	塞尔维亚
wild2014	beautiful boy2	38836122	94460499	1690202282	400097800	中国
wild2014	billhao	38836122	85255171	1690202282	400097800	中国
wild2014	Within the wind	38836122	94447506	1690202282	400097800	中国
wild2014	whitejiji	38836122	4795767	1689297718	396021417	日本
wild2014	glalejos	38836122	86475024	1689297718	396021417	西班牙
wild2014	Blumenfee	38836122	83835319	1690037718	399477422	奥地利
wild2014	Monith	38836122	83898877	1690026420	399417600	中国
wild2014	Timedust	38836122	85158687	1690026420	399417600	中国
wild2014	kikate	38836122	88617526	1690026420	399417600	伊朗
wild2014	Erin173	38836122	91159190	1690005692	399345758	印尼
wild2014	mikirlo	38836122	87619879	1689986634	399296092	比利时
wild2014	cpma	38836122	85420127	1689866476	398814216	爱尔兰
wild2014	qiansolo	38836122	88733095	1689260410	396409661	中国
wild2014	GDMelbourne	38836122	92437639	1689260410	396409661	澳大利亚
wild2014	Mariflower	38836122	60136052	1689772834	398440637	希腊
wild2014	beautiful boy2	38836122	94460499	1688803562	394697321	中国
wild2014	Whinesalot	38836122	84422612	1688803562	394697321	芬兰
wild2014	Quarantine Waltz	38836122	93313238	1689427658	397085808	圣卢西亚岛
wild2014	CrocoDoe	38836122	89971227	1689427658	397085808	台湾
wild2014	chenymandy	38836122	92017275	1689348701	396794765	中国
wild2014	kerajaanbangsat	38836122	91809899	1689310544	396643558	马来西亚
wild2014	Chino27	38836122	85017726	1689168059	396084172	西班牙
wild2014	Radka_Ol	38836122	72223131	1688382883	393131421	捷克
wild2014	Sylvia_Enid	38836122	91746113	1689001453	395435680	中国
wild2014	myniGG	38836122	83823675	1688999216	395422440	中国
wild2014	pachipachi-man	38836122	84551963	1688999216	395422440	安提瓜和巴布达
wild2014	Adwokat	38836122	83959459	1688987343	395366287	马耳他
wild2014	diarytsun	38836122	94369984	1688984798	395353048	马达加斯加岛
wild2014	suslico	38836122	85846594	1688728028	394427350	斯洛文尼亚
wild2014	Marc Vasseur	38836122	89922163	1688728028	394427350	法国
wild2014	chr byr	38836122	86918506	1688569467	393857900	尼泊尔
wild2014	saisai55	38836122	86912591	1688569467	393857900	日本
wild2014	Zmiy	38836122	88727611	1688560925	393809479	俄罗斯
wild2014	kikate	38836122	88617526	1688560925	393809479	伊朗
wild2014	ForeverPlush	38836122	86591389	1688534346	393727332	洪都拉斯
wild2014	ambak	38836122	86867714	1688476891	393508021	波兰
wild2014	Rdam010	38836122	93352316	1688448598	393408444	荷兰
wild2014	Merlin_1	38836122	89987152	1688437724	393377937	韩国
wild2014	csiriz	38836122	93043631	1688406063	393255620	匈牙利
wild2014	hadaja	38836122	85093763	1688403373	393232867	乌克兰
wild2014	KeWang	38836122	88485842	1688401619	393226509	新加坡
wild2014	Niluje	38836122	15278206	1688400136	393227941	乌兹别克斯坦
wild2014	GaGadexiaoheizi	38836122	94218692	1688398233	393218062	巴西
wild2014	kakarat	38836122	45176039	1688391693	393088066	保加利亚
wild2014	caio curry	38836122	85707952	1688395089	393194337	德国
wild2014	Badabooum	38836122	83862008	1688389311	393178780	法属玻里尼西亚
wild2014	Dana-El	38836122	84429941	1688386820	393154649	法国南部领土
wild2014	sheremetova	38836122	93706161	1688386820	393154649	瑞典
wild2014	Adwokat	38836122	83959459	1688383412	393141265	马耳他
wild2014	Lenux56	38836122	89213932	1688375312	393115147	亚美尼亚
wild2014	arklumpus	38836122	85846682	1688315723	392918690	英国
wild2014	marika 123	38836122	93774143	1688312270	392898684	白俄罗斯
wild2014	bathroombreak2	38836122	84490393	1688306952	392863129	美国
wild2014	Zmiy	38836122	88727611	1688306952	392863129	俄罗斯
wild2014	beautiful boy2	38836122	94460499	1688306952	392863129	中国
wild2014	newdivide24	38836122	88678468	1688302904	392846599	越南
wild2014	Rency	38836122	84383051	1688285018	392786453	意大利
wild2014	Wormington	38836122	91144570	1688281159	392776141	澳大利亚
wild2014	tea_noname	38836122	84426117	1688279801	392764346	日本
wild2014	EriPou	38836122	83841415	1688275530	392755646	法国
wild2014	SpockChess	38836122	87922739	1688272484	392744698	加拿大
kalavinkastai	gxae	91436852	84579085	1689993513	399314407	日本
kalavinkastai	mnorsigi	91436852	85292392	1689909926	398999571	美国
kalavinkastai	Cesare78	91436852	63239814	1689826860	398670860	意大利
kalavinkastai	Cambou le Magnifique	91436852	85642214	1689740485	398333404	法国
kalavinkastai	ssun1213	91436852	90103614	1689686153	398108417	韩国
kalavinkastai	Dopen	91436852	93491969	1689666353	398033022	俄罗斯
kalavinkastai	artabas	91436852	92890758	1689589486	397711714	法国
kalavinkastai	Onityana	91436852	94401708	1689185188	396160377	中国
kalavinkastai	Rvanchan	91436852	84760120	1688893122	395016757	中国
kalavinkastai	muaaaaaaaaa	91436852	92044164	1688809546	394726201	香港
kalavinkastai	mnorsigi	91436852	85292392	1688779531	394639777	美国
kalavinkastai	Lin A Ma	91436852	90810473	1688615783	394032052	台湾
kalavinkastai	lockedhome	91436852	85971261	1688614312	394022568	印尼
kalavinkastai	hazy	91436852	83876757	1688613247	394027606	美国
kalavinkastai	MargauxS_	91436852	84876520	1688545385	393753873	法国
kalavinkastai	Onityana	91436852	94401708	1688288020	392795192	中国
kalavinkastai	Nicol Bolas Guo	91436852	93586565	1688288020	392795192	中国
kalavinkastai	Monith	91436852	83898877	1688273736	392757441	中国
kalavinkastai	ardbeg10	91436852	84814142	1688273736	392757441	台湾
kalavinkastai	Tricard	91436852	84203055	1688272872	392757300	法国
kalavinkastai	squidwardhhh	91436852	94429629	1688271042	392741595	中国
quiet orange	as0529	90829606	90965661	1690024292	399417010	台湾
quiet orange	tortumelle	90829606	37232421	1690010694	399362292	法国
quiet orange	sofy	90829606	35633	1688366303	393096611	法国
quiet orange	sofy	90829606	35633	1688365485	393087988	法国
quiet orange	henryeternal	90829606	88438070	1688231648	392610350	津巴布韦
happy bird999	cafesma64	90926466	83945385	1688449267	393405576	日本
happy bird999	tayuc	90926466	30022853	1688308513	392873537	台湾
RemeFIyyer	gank machine	84628481	94568101	1690213707	400147638	中国
RemeFIyyer	Nicol Bolas Guo	84628481	93586565	1689947705	399118813	中国
RemeFIyyer	Pand0unette	84628481	85107053	1689854172	398750358	法国
Monith	Marc Vasseur	83898877	89922163	1690199451	400071490	法国
Monith	Chasing the sun	83898877	93564560	1690199451	400071490	中国
Monith	Eva8304	83898877	90910467	1690174758	399993192	台湾
Monith	Ewan H	83898877	84230552	1690045760	399515161	台湾
Monith	jiucai	83898877	94020171	1690045760	399515161	中国
Monith	suslico	83898877	85846594	1690042827	399482596	斯洛文尼亚
Monith	bulbash01	83898877	84395480	1690042827	399482596	俄罗斯
Monith	Timedust	83898877	85158687	1690026420	399417600	中国
Monith	kikate	83898877	88617526	1690026420	399417600	伊朗
Monith	Want_You	83898877	84212710	1689915115	399009151	俄罗斯
Monith	Plus one_	83898877	93564006	1689915115	399009151	中国
Monith	hjaguar	83898877	84891713	1689915115	399009151	中国
Monith	Ghost1031	83898877	84622679	1689905311	398974817	台湾
Monith	jiucai	83898877	94020171	1689775059	398445136	中国
Monith	Leeeeeeeeeeeeeeeeeeo	83898877	84623524	1689736074	398329602	Macao
Monith	Leeeeeeeeeeeeeeeeeeo	83898877	84623524	1689732994	398310711	Macao
Monith	k x c	83898877	84987750	1689732994	398310711	中国
Monith	Plus one_	83898877	93564006	1689732994	398310711	中国
Monith	johnpham	83898877	85101151	1689677113	398061302	越南
Monith	asdf01	83898877	94454186	1689677113	398061302	俄罗斯
Monith	Plus one_	83898877	93564006	1689677113	398061302	中国
Monith	leon_fs	83898877	53725280	1689648961	397984173	中国
Monith	Ghost1031	83898877	84622679	1689648961	397984173	台湾
Monith	Leeeeeeeeeeeeeeeeeeo	83898877	84623524	1689648961	397984173	Macao
Monith	Druidtabaluga	83898877	85679406	1689607491	397780078	波兰
Monith	Zmiy	83898877	88727611	1689607491	397780078	俄罗斯
Monith	Mmmok	83898877	94114984	1689607491	397780078	意大利
Monith	johnpham	83898877	85101151	1689601643	397760123	越南
Monith	Final the MURAI	83898877	84482607	1689601643	397760123	津巴布韦
Monith	doskoi203	83898877	88567977	1689559358	397623401	日本
Monith	johnpham	83898877	85101151	1689559358	397623401	越南
Monith	yatming23	83898877	35229233	1689559358	397623401	香港
Monith	Ghost1031	83898877	84622679	1689318928	396679222	台湾
Monith	TFST	83898877	91385987	1689318928	396679222	韩国
Monith	Ghost1031	83898877	84622679	1689315186	396657914	台湾
Monith	appooollo	83898877	84850073	1689315186	396657914	台湾
Monith	Chasing the sun	83898877	93564560	1689315186	396657914	中国
Monith	Ghost1031	83898877	84622679	1689306262	396637714	台湾
Monith	Lctama	83898877	83923007	1689306262	396637714	日本
Monith	Chasing the sun	83898877	93564560	1689306262	396637714	中国
Monith	Ghost1031	83898877	84622679	1689300737	396626522	台湾
Monith	MaQS	83898877	84408103	1689300737	396626522	台湾
Monith	erwinxu	83898877	94298783	1689300737	396626522	中国
Monith	allen7987	83898877	84152548	1689255207	396423006	台湾
Monith	dimi16	83898877	84375789	1689255207	396423006	比利时
Monith	Zmiy	83898877	88727611	1689251646	396403743	俄罗斯
Monith	Onityana	83898877	94401708	1689251646	396403743	中国
Monith	Chasing the sun	83898877	93564560	1689251646	396403743	中国
Monith	asdf01	83898877	94454186	1689246635	396378396	俄罗斯
Monith	Zmiy	83898877	88727611	1689246635	396378396	俄罗斯
Monith	tttty	83898877	85411997	1689246635	396378396	中国
Monith	You dont know	83898877	85430304	1689215650	396288912	澳大利亚
Monith	Leeeeeeeeeeeeeeeeeeo	83898877	84623524	1689215650	396288912	Macao
Monith	kurononono	83898877	87529181	1689168173	396086542	日本
Monith	hàn huyên	83898877	84382733	1689168173	396086542	越南
Monith	medakita	83898877	84108365	1689168173	396086542	日本
Monith	Plus one_	83898877	93564006	1689158481	396038989	中国
Monith	Onityana	83898877	94401708	1689158481	396038989	中国
Monith	appooollo	83898877	84850073	1689143405	395988716	台湾
Monith	Chasing the sun	83898877	93564560	1689139439	395975806	中国
Monith	Within the wind	83898877	94447506	1689139439	395975806	中国
Monith	Plus one_	83898877	93564006	1689139439	395975806	中国
Monith	Leeeeeeeeeeeeeeeeeeo	83898877	84623524	1689133159	395956198	Macao
Monith	Ghost1031	83898877	84622679	1689133159	395956198	台湾
Monith	EuphoricEthylene	83898877	22737838	1689133159	395956198	美国
Monith	appooollo	83898877	84850073	1689128151	395943803	台湾
Monith	Leeeeeeeeeeeeeeeeeeo	83898877	84623524	1689128151	395943803	Macao
Monith	Ghost1031	83898877	84622679	1689128151	395943803	台湾
Monith	Chasing the sun	83898877	93564560	1689072169	395692874	中国
Monith	_dan_	83898877	84580931	1689072169	395692874	波兰
Monith	Chasing the sun	83898877	93564560	1688900812	395044043	中国
Monith	Plus one_	83898877	93564006	1688897585	395030381	中国
Monith	Chasing the sun	83898877	93564560	1688897585	395030381	中国
Monith	DapTake	83898877	93974471	1688897585	395030381	韩国
Monith	Larz OK	83898877	84726591	1688885647	394998472	台湾
Monith	mak1n0	83898877	84210149	1688881398	394972159	日本
Monith	gxae	83898877	84579085	1688881398	394972159	日本
Monith	Chasing the sun	83898877	93564560	1688881398	394972159	中国
Monith	jiucai	83898877	94020171	1688829016	394785609	中国
Monith	Chasing the sun	83898877	93564560	1688829016	394785609	中国
Monith	kurononono	83898877	87529181	1688823601	394760546	日本
Monith	Larz OK	83898877	84726591	1688823601	394760546	台湾
Monith	gardener1817	83898877	14136407	1688823601	394760546	美国
Monith	 YOY	83898877	84800887	1688816925	394744226	台湾
Monith	Plus one_	83898877	93564006	1688816925	394744226	中国
Monith	Chasing the sun	83898877	93564560	1688816925	394744226	中国
Monith	Plus one_	83898877	93564006	1688813511	394731313	中国
Monith	Chasing the sun	83898877	93564560	1688813511	394731313	中国
Monith	 YOY	83898877	84800887	1688813511	394731313	台湾
Monith	Want_You	83898877	84212710	1688800327	394692351	俄罗斯
Monith	bulbash01	83898877	84395480	1688791948	394660288	俄罗斯
Monith	Chasing the sun	83898877	93564560	1688791948	394660288	中国
Monith	Within the wind	83898877	94447506	1688740852	394471045	中国
Monith	doskoi203	83898877	88567977	1688737971	394456604	日本
Monith	Chasing the sun	83898877	93564560	1688737971	394456604	中国
Monith	Chasing the sun	83898877	93564560	1688728849	394425170	中国
Monith	Plus one_	83898877	93564006	1688728849	394425170	中国
Monith	kikate	83898877	88617526	1688728849	394425170	伊朗
Monith	Plus one_	83898877	93564006	1688722900	394400281	中国
Monith	kikate	83898877	88617526	1688722900	394400281	伊朗
Monith	Chasing the sun	83898877	93564560	1688722900	394400281	中国
Monith	WolfIsCome	83898877	24994467	1688717445	394386236	中国
Monith	Plus one_	83898877	93564006	1688717445	394386236	中国
Monith	kikate	83898877	88617526	1688713701	394375165	伊朗
Monith	Plus one_	83898877	93564006	1688701923	394344205	中国
Monith	Plus one_	83898877	93564006	1688698064	394338704	中国
Monith	kikate	83898877	88617526	1688698064	394338704	伊朗
Monith	REXRhys	83898877	93282090	1688651305	394145748	中国
Monith	Dezzulilla	83898877	93153250	1688569876	393854291	意大利
Monith	Chasing the sun	83898877	93564560	1688569876	393854291	中国
Monith	Plus one_	83898877	93564006	1688569876	393854291	中国
Monith	kikate	83898877	88617526	1688566721	393830366	伊朗
Monith	Plus one_	83898877	93564006	1688566721	393830366	中国
Monith	Chasing the sun	83898877	93564560	1688566721	393830366	中国
Monith	dimi16	83898877	84375789	1688562829	393815377	比利时
Monith	dimi16	83898877	84375789	1688555228	393786475	比利时
Monith	Prokrastination123	83898877	91574740	1688555228	393786475	德国
Monith	Plus one_	83898877	93564006	1688527719	393709474	中国
Monith	Chasing the sun	83898877	93564560	1688527719	393709474	中国
Monith	Chasing the sun	83898877	93564560	1688524230	393698974	中国
Monith	Plus one_	83898877	93564006	1688524230	393698974	中国
Monith	ghostdini	83898877	87700835	1688524230	393698974	美国
Monith	Chasing the sun	83898877	93564560	1688470396	393479562	中国
Monith	Plus one_	83898877	93564006	1688470396	393479562	中国
Monith	Timedust	83898877	85158687	1688470396	393479562	中国
Monith	naluen	83898877	84511814	1688457031	393424667	中国
Monith	Chasing the sun	83898877	93564560	1688457031	393424667	中国
Monith	Chasing the sun	83898877	93564560	1688454272	393420350	中国
Monith	Plus one_	83898877	93564006	1688454272	393420350	中国
Monith	LJ_the_brave	83898877	3784734	1688454272	393420350	希腊
Monith	beatuiful boy2	83898877	94468492	1688450982	393411710	中国
Monith	Chasing the sun	83898877	93564560	1688450982	393411710	中国
Monith	Plus one_	83898877	93564006	1688450982	393411710	中国
Monith	Chasing the sun	83898877	93564560	1688443911	393392911	中国
Monith	Sasaki la	83898877	84204720	1688443911	393392911	台湾
Monith	Plus one_	83898877	93564006	1688443911	393392911	中国
Monith	Chasing the sun	83898877	93564560	1688439918	393377059	中国
Monith	beatuiful boy2	83898877	94468492	1688439918	393377059	中国
Monith	Plus one_	83898877	93564006	1688439918	393377059	中国
Monith	beatuiful boy2	83898877	94468492	1688435811	393365169	中国
Monith	Plus one_	83898877	93564006	1688435811	393365169	中国
Monith	elimmad	83898877	92499900	1688435811	393365169	法国
Monith	Zmiy	83898877	88727611	1688390921	393173106	俄罗斯
Monith	You dont know	83898877	85430304	1688390921	393173106	澳大利亚
Monith	Chasing the sun	83898877	93564560	1688384814	393144823	中国
Monith	Nicol Bolas Guo	83898877	93586565	1688384814	393144823	中国
Monith	Chasing the sun	83898877	93564560	1688379674	393121866	中国
Monith	egg-captain	83898877	85147397	1688379674	393121866	台湾
Monith	Plus one_	83898877	93564006	1688379674	393121866	中国
Monith	Plus one_	83898877	93564006	1688357976	393067629	中国
Monith	Chasing the sun	83898877	93564560	1688357976	393067629	中国
Monith	And	83898877	64663358	1688357976	393067629	中国
Monith	Chasing the sun	83898877	93564560	1688354502	393055176	中国
Monith	skyfly7	83898877	84810911	1688310331	392880585	中国
Monith	Plus one_	83898877	93564006	1688310331	392880585	中国
Monith	Plus one_	83898877	93564006	1688308626	392870684	中国
Monith	Timedust	83898877	85158687	1688305720	392865231	中国
Monith	Chasing the sun	83898877	93564560	1688301817	392846850	中国
Monith	Chasing the sun	83898877	93564560	1688297751	392821286	中国
Monith	Plus one_	83898877	93564006	1688293312	392813380	中国
Monith	Chasing the sun	83898877	93564560	1688293312	392813380	中国
Monith	Daayama	83898877	89885120	1688293312	392813380	日本
Monith	Chasing the sun	83898877	93564560	1688280836	392775710	中国
Monith	Onityana	83898877	94401708	1688280836	392775710	中国
Monith	Plus one_	83898877	93564006	1688280836	392775710	中国
Monith	Plus one_	83898877	93564006	1688277871	392768002	中国
Monith	Chasing the sun	83898877	93564560	1688277871	392768002	中国
Monith	Onityana	83898877	94401708	1688277871	392768002	中国
Monith	ardbeg10	83898877	84814142	1688273736	392757441	台湾
Monith	Chasing the sun	83898877	93564560	1688267586	392730727	中国
Monith	Plus one_	83898877	93564006	1688267586	392730727	中国
Monith	HeartsKing	83898877	83991019	1688267586	392730727	美国
Monith	Plus one_	83898877	93564006	1688264095	392724935	中国
Monith	PMPark	83898877	94332125	1688232194	392615622	台湾
Monith	xtqtxdy	83898877	89933367	1688232194	392615622	中国
Monith	dimi16	83898877	84375789	1688228374	392593383	比利时
chenymandy	noimpty	92017275	93641233	1690213285	400142526	中国
chenymandy	kyle0357	92017275	85411218	1690207676	400111657	台湾
chenymandy	jerry5401a	92017275	84237222	1690206484	400119641	台湾
chenymandy	lovemydog	92017275	94159006	1690203735	400092977	日本
chenymandy	Natalita	92017275	83843275	1690202809	400095423	俄罗斯
chenymandy	NIKOLUTO	92017275	86074316	1690201306	400086126	意大利
chenymandy	gxae	92017275	84579085	1690199809	400075339	日本
chenymandy	Galiley	92017275	84323071	1690124014	399793535	法国
chenymandy	mynameisreallygeorge	92017275	94515914	1690114658	399745389	英国
chenymandy	Nicol Bolas Guo	92017275	93586565	1690032449	399445966	中国
chenymandy	billhao	92017275	85255171	1690032449	399445966	中国
chenymandy	Within the wind	92017275	94447506	1690028301	399421006	中国
chenymandy	Nicol Bolas Guo	92017275	93586565	1690028301	399421006	中国
chenymandy	elligain	92017275	83959832	1690026866	399425052	法国
chenymandy	Dagedog	92017275	85068842	1690025099	399412661	中国
chenymandy	Dagedog	92017275	85068842	1690022111	399406650	中国
chenymandy	Sagwa	92017275	84439611	1690017746	399383925	加拿大
chenymandy	LubeGao	92017275	94472522	1690016433	399386561	中国
chenymandy	kikate	92017275	88617526	1690012064	399360617	伊朗
chenymandy	Plus one_	92017275	93564006	1689912509	398999317	中国
chenymandy	Chasing the sun	92017275	93564560	1689912509	398999317	中国
chenymandy	mouthcannon	92017275	12784504	1689868901	398825028	尼日尔
chenymandy	syugyoku	92017275	84281847	1689866708	398812528	日本
chenymandy	as0529	92017275	90965661	1689865254	398818330	台湾
chenymandy	Gezort	92017275	86747835	1689862560	398791027	津巴布韦
chenymandy	Plus one_	92017275	93564006	1689858732	398770198	中国
chenymandy	Within the wind	92017275	94447506	1689858732	398770198	中国
chenymandy	Plus one_	92017275	93564006	1689852708	398756042	中国
chenymandy	Youpiiii	92017275	84441446	1689783218	398495348	哥伦比亚
chenymandy	MrsHola	92017275	84896684	1689782109	398495823	波兰
chenymandy	Marivanna_tulpanchik	92017275	87453550	1689779267	398478159	俄罗斯
chenymandy	medakita	92017275	84108365	1689777456	398473460	日本
chenymandy	1ye	92017275	94515655	1689771209	398434179	新加坡
chenymandy	beautiful boy2	92017275	94460499	1689697894	398167584	中国
chenymandy	beautiful boy2	92017275	94460499	1689696454	398150257	中国
chenymandy	johnpham	92017275	85101151	1689689671	398120373	越南
chenymandy	johnpham	92017275	85101151	1689686606	398101306	越南
chenymandy	tea_noname	92017275	84426117	1689684849	398103800	日本
chenymandy	anegii	92017275	84244046	1689522888	397462351	台湾
chenymandy	jiucai	92017275	94020171	1689514641	397411128	中国
chenymandy	J smash	92017275	92994056	1689512686	397401348	中国
chenymandy	LJCLCJ	92017275	84014102	1689511534	397408223	台湾
chenymandy	gxae	92017275	84579085	1689510355	397398577	日本
chenymandy	Dominions	92017275	34306950	1689509484	397396983	台湾
chenymandy	Within the wind	92017275	94447506	1689506240	397377599	中国
chenymandy	syugyoku	92017275	84281847	1689503462	397365529	日本
chenymandy	haibao1314	92017275	88636884	1689502632	397368416	美国
chenymandy	Rookie-	92017275	94159734	1689500779	397359879	中国
chenymandy	iaianzup	92017275	87897040	1689485983	397310450	日本
chenymandy	egg-captain	92017275	85147397	1689483818	397308054	台湾
chenymandy	ss2018	92017275	94041261	1689482533	397308241	中国
chenymandy	ss2018	92017275	94041261	1689481356	397299538	中国
chenymandy	Cédric69	92017275	84243549	1689451773	397201162	法国
chenymandy	Cédric69	92017275	84243549	1689450664	397198426	法国
chenymandy	Chasing the sun	92017275	93564560	1689448940	397183229	中国
chenymandy	Chasing the sun	92017275	93564560	1689446217	397171026	中国
chenymandy	mak1n0	92017275	84210149	1689443576	397168334	日本
chenymandy	Wormington	92017275	91144570	1689442015	397152586	澳大利亚
chenymandy	monri-	92017275	84403716	1689441109	397151403	日本
chenymandy	Mysterious Pegasus	92017275	85858309	1689434429	397122211	乌克兰
chenymandy	medakita	92017275	84108365	1689430628	397108782	日本
chenymandy	purittsuzz	92017275	84905405	1689427173	397080806	日本
chenymandy	purittsuzz	92017275	84905405	1689426160	397086590	日本
chenymandy	purittsuzz	92017275	84905405	1689422508	397064305	日本
chenymandy	nekoinu	92017275	84680977	1689399195	396988347	日本
chenymandy	johnpham	92017275	85101151	1689393259	396975242	越南
chenymandy	Chasing the sun	92017275	93564560	1689389813	396963863	中国
chenymandy	Chasing the sun	92017275	93564560	1689387389	396959417	中国
chenymandy	Plus one_	92017275	93564006	1689386011	396957133	中国
chenymandy	Plus one_	92017275	93564006	1689384297	396941518	中国
chenymandy	tiangl	92017275	83911607	1689383617	396944376	中国
chenymandy	tutty	92017275	84915924	1689382315	396942223	日本
chenymandy	Chasing the sun	92017275	93564560	1689380878	396939539	中国
chenymandy	Chasing the sun	92017275	93564560	1689379478	396936055	中国
chenymandy	dablast	92017275	94231816	1689375663	396926204	意大利
chenymandy	belzebuth666	92017275	85081561	1689374665	396929650	法国
chenymandy	belzebuth666	92017275	85081561	1689373976	396914317	法国
chenymandy	satou512148	92017275	84152695	1689372299	396919611	日本
chenymandy	charlieRJ	92017275	83835763	1689366185	396884292	巴西
chenymandy	takahashi ai	92017275	84449115	1689361920	396861981	台湾
chenymandy	Chasing the sun	92017275	93564560	1689360565	396859664	中国
chenymandy	xaniaas	92017275	85186341	1689354574	396823527	哈萨克斯坦
chenymandy	firstblood15	92017275	93844711	1689353284	396818659	中国
chenymandy	Jubaea45	92017275	93168679	1689352318	396814254	西班牙
chenymandy	entonydid	92017275	84079969	1689351345	396802279	意大利
chenymandy	Alex 1984	92017275	94507272	1689345143	396779476	中国
chenymandy	tayuc	92017275	30022853	1689259823	396449709	台湾
chenymandy	You dont know	92017275	85430304	1689258707	396441583	澳大利亚
chenymandy	10ang	92017275	84862358	1689257680	396436298	韩国
chenymandy	You dont know	92017275	85430304	1689256445	396438292	澳大利亚
chenymandy	takahashi ai	92017275	84449115	1689255088	396422695	台湾
chenymandy	i_am_100	92017275	85026766	1689254123	396426231	中国
chenymandy	Onityana	92017275	94401708	1689249223	396390818	中国
chenymandy	symphonie89	92017275	84427997	1689248248	396398263	法国
chenymandy	Within the wind	92017275	94447506	1689176229	396118149	中国
chenymandy	Chasing the sun	92017275	93564560	1689169982	396096191	中国
chenymandy	Within the wind	92017275	94447506	1689169982	396096191	中国
chenymandy	beautiful boy2	92017275	94460499	1689169982	396096191	中国
chenymandy	beautiful boy2	92017275	94460499	1689161599	396052271	中国
chenymandy	Chasing the sun	92017275	93564560	1689161599	396052271	中国
chenymandy	Within the wind	92017275	94447506	1689161599	396052271	中国
chenymandy	zmy1986	92017275	85337364	1689160928	396054530	中国
chenymandy	Within the wind	92017275	94447506	1689085504	395746639	中国
chenymandy	beautiful boy2	92017275	94460499	1689085504	395746639	中国
chenymandy	billhao	92017275	85255171	1689085504	395746639	中国
chenymandy	Within the wind	92017275	94447506	1689081096	395731440	中国
chenymandy	beautiful boy2	92017275	94460499	1689081096	395731440	中国
chenymandy	Within the wind	92017275	94447506	1689076205	395708158	中国
chenymandy	beautiful boy2	92017275	94460499	1689074464	395705363	中国
chenymandy	Iana Golubeva	92017275	86128529	1689002397	395432017	俄罗斯
chenymandy	kokoskin	92017275	92636411	1689001419	395431942	俄罗斯
chenymandy	flysonics	92017275	15465948	1688910023	395082373	马来西亚
chenymandy	po-po-po_	92017275	94270882	1688904437	395055368	日本
chenymandy	ych-tw	92017275	84060041	1688901294	395045026	台湾
chenymandy	Dominions	92017275	34306950	1688899922	395047611	台湾
chenymandy	Within the wind	92017275	94447506	1688899088	395030497	中国
chenymandy	po-po-po_	92017275	94270882	1688884719	394987699	日本
chenymandy	tiandui	92017275	40170992	1688883028	394981185	阿富汗
chenymandy	Pon Farr	92017275	83923919	1688876952	394974660	美国
chenymandy	Park beom jun	92017275	90103671	1688873378	394961732	韩国
chenymandy	k---azmodan	92017275	94264391	1688870917	394951156	中国
chenymandy	keita761282002	92017275	84196080	1688868601	394957520	台湾
chenymandy	kyle0357	92017275	85411218	1688830696	394803027	台湾
chenymandy	oh yeah	92017275	83913744	1688829249	394791579	台湾
chenymandy	beautiful boy2	92017275	94460499	1688822670	394771240	中国
chenymandy	beautiful boy2	92017275	94460499	1688821275	394762234	中国
chenymandy	Tao Zhu	92017275	84897856	1688820042	394755978	中国
chenymandy	Want_You	92017275	84212710	1688806961	394718592	俄罗斯
chenymandy	beautiful boy2	92017275	94460499	1688805250	394701646	中国
chenymandy	-0A0-	92017275	90901715	1688803801	394709352	中国
chenymandy	yatming23	92017275	35229233	1688795242	394676887	香港
chenymandy	Pon Farr	92017275	83923919	1688794083	394671364	美国
chenymandy	Marshall Singh	92017275	84898202	1688758189	394552749	意大利
chenymandy	kikate	92017275	88617526	1688753692	394530697	伊朗
chenymandy	llwlove	92017275	83825044	1688695558	394329798	中国
chenymandy	Want_You	92017275	84212710	1688693963	394329854	俄罗斯
chenymandy	You dont know	92017275	85430304	1688656996	394174873	澳大利亚
chenymandy	Chasing the sun	92017275	93564560	1688393522	393196510	中国
chenymandy	Cicino	92017275	1608368	1688391748	393182781	法国
chenymandy	BrennanMCarmody	92017275	94307316	1688386293	393152367	ERROR
chenymandy	kkiiwwii	92017275	85002643	1688306163	392869254	台湾
chenymandy	Sylvia_Enid	92017275	91746113	1688304939	392850029	中国
chenymandy	anegii	92017275	84244046	1688303332	392859202	台湾
papmt	ecocecoce	47413033	93898735	1689902988	398978371	中国
papmt	Sylvia_Enid	47413033	91746113	1689312473	396659843	中国
papmt	yatming23	47413033	35229233	1689303899	396630811	香港
papmt	duperjeffrey	47413033	84511046	1689237933	396358726	香港
papmt	You dont know	47413033	85430304	1689236884	396351962	澳大利亚
papmt	Want_You	47413033	84212710	1689054063	395634567	俄罗斯
papmt	Moderix	47413033	84609284	1689053188	395631585	俄罗斯
papmt	dimi16	47413033	84375789	1688975937	395323369	比利时
papmt	BrennanMCarmody	47413033	94307316	1688709118	394364563	ERROR
papmt	P E Aubameyang	47413033	85935736	1688707426	394351509	法国
papmt	skelt131	47413033	84511257	1688705824	394359274	日本
papmt	symphonie89	47413033	84427997	1688629036	394063638	法国
papmt	AKNT810114514	47413033	85175747	1688612477	394023474	维尔京群岛(英国)
papmt	Chee1975	47413033	88406519	1688450688	393409849	澳大利亚
papmt	elimmad	47413033	92499900	1688372856	393106199	法国
papmt	purittsuzz	47413033	84905405	1688354363	393061281	日本
papmt	fdsgsgdgs	47413033	92354880	1688353333	393054829	日本
NaOH	beatuiful girl2	14876048	94004225	1688703382	394342119	中国
NaOH	honu29	14876048	88778639	1688658458	394177399	日本
NaOH	nakkura	14876048	84527364	1688657211	394179844	日本
NaOH	nellyyuki	14876048	251485	1688645812	394125725	美国
NaOH	supadave	14876048	9383778	1688644823	394128470	法国
NaOH	wadasiwak	14876048	17436530	1688623342	394055661	台湾
Nicol Bolas Guo	Within the wind	93586565	94447506	1690177403	400008711	中国
Nicol Bolas Guo	beautiful boy2	93586565	94460499	1690177403	400008711	中国
Nicol Bolas Guo	Chasing the sun	93586565	93564560	1690116920	399754217	中国
Nicol Bolas Guo	fishg1216	93586565	22922445	1690074358	399622864	新西兰
Nicol Bolas Guo	fishg1216	93586565	22922445	1690048786	399526455	新西兰
Nicol Bolas Guo	fishg1216	93586565	22922445	1690047184	399510828	新西兰
Nicol Bolas Guo	fishg1216	93586565	22922445	1690046194	399516083	新西兰
Nicol Bolas Guo	prz Suneo	93586565	86128679	1690045029	399503738	日本
Nicol Bolas Guo	billhao	93586565	85255171	1690032449	399445966	中国
Nicol Bolas Guo	Nappa40	93586565	84936191	1689946633	399110317	法国
Nicol Bolas Guo	pioro1900	93586565	85459875	1689935299	399066858	波兰
Nicol Bolas Guo	Max84rus	93586565	86819717	1689932305	399052867	俄罗斯
Nicol Bolas Guo	mikittyaichan	93586565	84015174	1689930475	399056790	台湾
Nicol Bolas Guo	-0A0-	93586565	90901715	1689916262	399000957	中国
Nicol Bolas Guo	LJCLCJ	93586565	84014102	1689907577	398987615	台湾
Nicol Bolas Guo	brunoloo	93586565	86781085	1689873111	398845709	法国
Nicol Bolas Guo	so be it	93586565	84902919	1689867139	398815199	中国
Nicol Bolas Guo	libeccio111	93586565	94539801	1689786957	398512446	意大利
Nicol Bolas Guo	elimmad	93586565	92499900	1689785860	398511911	法国
Nicol Bolas Guo	jiucai	93586565	94020171	1689778210	398477553	中国
Nicol Bolas Guo	Timedust	93586565	85158687	1689778210	398477553	中国
Nicol Bolas Guo	Monith	93586565	83898877	1689778210	398477553	中国
Nicol Bolas Guo	Timedust	93586565	85158687	1689775059	398445136	中国
Nicol Bolas Guo	Monith	93586565	83898877	1689775059	398445136	中国
Nicol Bolas Guo	jiucai	93586565	94020171	1689775059	398445136	中国
Nicol Bolas Guo	Dominions	93586565	34306950	1689696779	398159675	台湾
Nicol Bolas Guo	Iana Golubeva	93586565	86128529	1689613107	397834210	俄罗斯
Nicol Bolas Guo	Neil The Archmage	93586565	91873061	1689608796	397804108	英国
Nicol Bolas Guo	prz Suneo	93586565	86128679	1689423855	397072340	日本
Nicol Bolas Guo	maxpekmax	93586565	84668534	1689422611	397064944	英国
Nicol Bolas Guo	Berto	93586565	84339106	1689410263	397020680	意大利
Nicol Bolas Guo	fishg1216	93586565	22922445	1689407802	397010361	新西兰
Nicol Bolas Guo	kekeco	93586565	89103476	1689406818	397014220	法国
Nicol Bolas Guo	chenymandy	93586565	92017275	1689358698	396840375	中国
Nicol Bolas Guo	chenymandy	93586565	92017275	1689356201	396835794	中国
Nicol Bolas Guo	noburo12	93586565	84384568	1689355013	396816868	法国
Nicol Bolas Guo	fishg1216	93586565	22922445	1689349527	396803630	新西兰
Nicol Bolas Guo	fishg1216	93586565	22922445	1689348850	396793273	新西兰
Nicol Bolas Guo	angelben56	93586565	4645851	1689337283	396732039	法国
Nicol Bolas Guo	prz Suneo	93586565	86128679	1689335992	396734833	日本
Nicol Bolas Guo	symphonie89	93586565	84427997	1689335070	396722799	法国
Nicol Bolas Guo	grodar22	93586565	17491681	1689332004	396715717	法国
Nicol Bolas Guo	prz Suneo	93586565	86128679	1689330812	396711503	日本
Nicol Bolas Guo	Within the wind	93586565	94447506	1689259251	396447106	中国
Nicol Bolas Guo	beautiful boy2	93586565	94460499	1689249063	396391127	中国
Nicol Bolas Guo	billhao	93586565	85255171	1689249063	396391127	中国
Nicol Bolas Guo	RayWWW	93586565	87200894	1689227634	396321083	台湾
Nicol Bolas Guo	chenymandy	93586565	92017275	1689176229	396118149	中国
Nicol Bolas Guo	Within the wind	93586565	94447506	1689176229	396118149	中国
Nicol Bolas Guo	billhao	93586565	85255171	1689170462	396095472	中国
Nicol Bolas Guo	Onityana	93586565	94401708	1689170462	396095472	中国
Nicol Bolas Guo	Plus one_	93586565	93564006	1689170462	396095472	中国
Nicol Bolas Guo	jiucai	93586565	94020171	1689001453	395435680	中国
Nicol Bolas Guo	wild2014	93586565	38836122	1689001453	395435680	中国
Nicol Bolas Guo	Sylvia_Enid	93586565	91746113	1689001453	395435680	中国
Nicol Bolas Guo	LX00001	93586565	93176052	1688908571	395070246	中国
Nicol Bolas Guo	tanukichi5	93586565	94366899	1688745795	394509840	日本
Nicol Bolas Guo	beatuiful girl2	93586565	94004225	1688704435	394350651	中国
Nicol Bolas Guo	Sylvia_Enid	93586565	91746113	1688657606	394173766	中国
Nicol Bolas Guo	armatrong769	93586565	84708303	1688655403	394169756	意大利
Nicol Bolas Guo	GaGadexiaoheizi	93586565	94218692	1688648751	394130897	巴西
Nicol Bolas Guo	Marti2309	93586565	83866079	1688645228	394121603	德国
Nicol Bolas Guo	GaGadexiaoheizi	93586565	94218692	1688644276	394116739	巴西
Nicol Bolas Guo	hanglepatch	93586565	84313698	1688571717	393860620	韩国
Nicol Bolas Guo	Max84rus	93586565	86819717	1688548720	393765714	俄罗斯
Nicol Bolas Guo	Helene_M	93586565	85944554	1688547232	393758559	法国
Nicol Bolas Guo	broken_alice	93586565	84547541	1688476899	393503080	日本
Nicol Bolas Guo	Asymmetric	93586565	84398565	1688396020	393209691	匈牙利
Nicol Bolas Guo	elefanc	93586565	84157393	1688393975	393193142	法国
Nicol Bolas Guo	Hexiland	93586565	85605769	1688383919	393140687	德国
Nicol Bolas Guo	motek339	93586565	83868097	1688378061	393122876	波兰
Nicol Bolas Guo	motek339	93586565	83868097	1688377101	393128473	波兰
Nicol Bolas Guo	LJCLCJ	93586565	84014102	1688369421	393093123	台湾
Nicol Bolas Guo	Monith	93586565	83898877	1688369421	393093123	中国
Nicol Bolas Guo	hearts100	93586565	83871511	1688366826	393096062	美国
Nicol Bolas Guo	gufo779	93586565	84542168	1688365137	393085708	意大利
Nicol Bolas Guo	15242308232	93586565	83880062	1688305790	392864040	中国
Nicol Bolas Guo	Monith	93586565	83898877	1688301817	392846850	中国
Nicol Bolas Guo	Chasing the sun	93586565	93564560	1688301817	392846850	中国
Nicol Bolas Guo	symphonie89	93586565	84427997	1688301297	392847192	法国
Nicol Bolas Guo	symphonie89	93586565	84427997	1688300622	392831499	法国
Nicol Bolas Guo	dimi16	93586565	84375789	1688299612	392834655	比利时
Nicol Bolas Guo	OoOwl	93586565	39661526	1687424346	389603106	匈牙利
Nicol Bolas Guo	Lini206	93586565	84248311	1688231587	392613930	奥地利
Nicol Bolas Guo	tortumelle	93586565	37232421	1688230204	392608993	法国
Plus one_	saltyk9	93564006	34570376	1690178172	400005814	美国
Plus one_	Monith	93564006	83898877	1690174758	399993192	中国
Plus one_	Eva8304	93564006	90910467	1690174758	399993192	台湾
Plus one_	tgvtgv	93564006	84381541	1690173576	399993613	法国
Plus one_	tiangl	93564006	83911607	1690172804	399998031	中国
Plus one_	christel8166	93564006	86071079	1690171677	399983958	法国
Plus one_	kiris	93564006	86765905	1690169497	399984913	日本
Plus one_	Chee1975	93564006	88406519	1690117664	399762063	澳大利亚
Plus one_	beatuiful girl2	93564006	94004225	1690116469	399753497	中国
Plus one_	hoahoahoahihihi	93564006	84508446	1690114910	399755190	越南
Plus one_	firstblood15	93564006	93844711	1690104431	399717340	中国
Plus one_	Park beom jun	93564006	90103671	1690103434	399704866	韩国
Plus one_	Mouflonne	93564006	84012902	1690102178	399700042	比利时
Plus one_	Within the wind	93564006	94447506	1689917264	399016170	中国
Plus one_	hjaguar	93564006	84891713	1689915115	399009151	中国
Plus one_	Chasing the sun	93564006	93564560	1689912509	398999317	中国
Plus one_	Within the wind	93564006	94447506	1689858732	398770198	中国
Plus one_	Within the wind	93564006	94447506	1689854599	398751089	中国
Plus one_	dog east west	93564006	6746576	1689854599	398751089	中国
Plus one_	chenymandy	93564006	92017275	1689854599	398751089	中国
Plus one_	Malik007	93564006	87830039	1689851002	398741245	阿尔及利亚
Plus one_	k x c	93564006	84987750	1689773993	398456701	中国
Plus one_	Chasing the sun	93564006	93564560	1689773993	398456701	中国
Plus one_	Within the wind	93564006	94447506	1689747420	398350180	中国
Plus one_	Chasing the sun	93564006	93564560	1689747420	398350180	中国
Plus one_	Monith	93564006	83898877	1689747420	398350180	中国
Plus one_	-0A0-	93564006	90901715	1689744520	398347844	中国
Plus one_	fdsgsgdgs	93564006	92354880	1689743275	398349611	日本
Plus one_	actually_salty	93564006	89508140	1689741982	398332108	美国
Plus one_	And	93564006	64663358	1689739251	398324299	中国
Plus one_	k x c	93564006	84987750	1689736074	398329602	中国
Plus one_	Monith	93564006	83898877	1689736074	398329602	中国
Plus one_	Leeeeeeeeeeeeeeeeeeo	93564006	84623524	1689736074	398329602	Macao
Plus one_	libeccio111	93564006	94539801	1689696123	398158265	意大利
Plus one_	chenymandy	93564006	92017275	1689694533	398141487	中国
Plus one_	Dezzulilla	93564006	93153250	1689693297	398141812	意大利
Plus one_	larwenya	93564006	16258700	1689691078	398130331	法国
Plus one_	beautiful boy2	93564006	94460499	1689682962	398080397	中国
Plus one_	jiucai	93564006	94020171	1689682962	398080397	中国
Plus one_	beautiful boy2	93564006	94460499	1689672693	398051021	中国
Plus one_	ecocecoce	93564006	93898735	1689672693	398051021	中国
Plus one_	pudele0	93564006	85400689	1689668283	398039808	乌克兰
Plus one_	jatt	93564006	84188888	1689666057	398034850	台湾
Plus one_	And	93564006	64663358	1689602573	397778974	中国
Plus one_	Druidtabaluga	93564006	85679406	1689602573	397778974	波兰
Plus one_	honu29	93564006	88778639	1689576292	397664148	日本
Plus one_	Within the wind	93564006	94447506	1689573782	397665210	中国
Plus one_	Chasing the sun	93564006	93564560	1689573782	397665210	中国
Plus one_	Monith	93564006	83898877	1689518762	397420108	中国
Plus one_	chenymandy	93564006	92017275	1689504548	397377462	中国
Plus one_	Ldgmav86	93564006	93590989	1689496477	397344104	意大利
Plus one_	jiucai	93564006	94020171	1689488133	397313475	中国
Plus one_	chin28	93564006	84361876	1689485917	397318520	马来西亚
Plus one_	chenymandy	93564006	92017275	1689478787	397295312	中国
Plus one_	chenymandy	93564006	92017275	1689477653	397282509	中国
Plus one_	csmith2020	93564006	86736617	1689476377	397284815	美国
Plus one_	mingtian215	93564006	85396654	1689434212	397115488	中国
Plus one_	chaosye	93564006	84917676	1689434212	397115488	中国
Plus one_	Wormington	93564006	91144570	1689432923	397112383	澳大利亚
Plus one_	grodar22	93564006	17491681	1689430796	397109453	法国
Plus one_	oh yeah	93564006	83913744	1689429611	397090127	台湾
Plus one_	newdivide24	93564006	88678468	1689428550	397093662	越南
Plus one_	ss2018	93564006	94041261	1689424489	397075492	中国
Plus one_	Chasing the sun	93564006	93564560	1689424489	397075492	中国
Plus one_	Chasing the sun	93564006	93564560	1689406448	397000307	中国
Plus one_	beautiful boy2	93564006	94460499	1689406448	397000307	中国
Plus one_	tiandui	93564006	40170992	1689404498	397002692	阿富汗
Plus one_	fishg1216	93564006	22922445	1689403853	397000560	新西兰
Plus one_	chenymandy	93564006	92017275	1689394707	396971495	中国
Plus one_	newdivide24	93564006	88678468	1689393481	396976792	越南
Plus one_	GiulioN	93564006	16286909	1689391141	396964917	意大利
Plus one_	ssun1213	93564006	90103614	1689245922	396380734	韩国
Plus one_	Within the wind	93564006	94447506	1689244618	396375669	中国
Plus one_	Onityana	93564006	94401708	1689174772	396118584	中国
Plus one_	Onityana	93564006	94401708	1689158481	396038989	中国
Plus one_	Chasing the sun	93564006	93564560	1689090673	395773044	中国
Plus one_	Monith	93564006	83898877	1689072169	395692874	中国
Plus one_	Chasing the sun	93564006	93564560	1689072169	395692874	中国
Plus one_	_dan_	93564006	84580931	1689072169	395692874	波兰
Plus one_	beautiful boy2	93564006	94460499	1689068053	395674889	中国
Plus one_	Chasing the sun	93564006	93564560	1689068053	395674889	中国
Plus one_	beautiful boy2	93564006	94460499	1689064103	395667847	中国
Plus one_	Within the wind	93564006	94447506	1689064103	395667847	中国
Plus one_	Chasing the sun	93564006	93564560	1689064103	395667847	中国
Plus one_	TiphOrk	93564006	85832260	1689049692	395621917	法国
Plus one_	Chasing the sun	93564006	93564560	1688999928	395422874	中国
Plus one_	Within the wind	93564006	94447506	1688999928	395422874	中国
Plus one_	Chasing the sun	93564006	93564560	1688995988	395403405	中国
Plus one_	Within the wind	93564006	94447506	1688995988	395403405	中国
Plus one_	beautiful boy2	93564006	94460499	1688995988	395403405	中国
Plus one_	Chasing the sun	93564006	93564560	1688990207	395379348	中国
Plus one_	Galiley	93564006	84323071	1688990207	395379348	法国
Plus one_	kkiiwwii	93564006	85002643	1688990207	395379348	台湾
Plus one_	TFST	93564006	91385987	1688988399	395373322	韩国
Plus one_	Chasing the sun	93564006	93564560	1688973140	395324831	中国
Plus one_	beautiful boy2	93564006	94460499	1688973140	395324831	中国
Plus one_	Want_You	93564006	84212710	1688969808	395314480	俄罗斯
Plus one_	Chasing the sun	93564006	93564560	1688969808	395314480	中国
Plus one_	baschman	93564006	94014358	1688969808	395314480	美国
Plus one_	Chasing the sun	93564006	93564560	1688958741	395288614	中国
Plus one_	EuphoricEthylene	93564006	22737838	1688958741	395288614	美国
Plus one_	llIIlllI	93564006	93127671	1688958741	395288614	中国
Plus one_	GBT92	93564006	85442570	1688954661	395271473	意大利
Plus one_	mgrittle	93564006	84885681	1688951100	395261104	美国
Plus one_	caio curry	93564006	85707952	1688922377	395146472	德国
Plus one_	beautiful boy2	93564006	94460499	1688905054	395068510	中国
Plus one_	Within the wind	93564006	94447506	1688905054	395068510	中国
Plus one_	Chasing the sun	93564006	93564560	1688905054	395068510	中国
Plus one_	king orion	93564006	87031509	1688900812	395044043	日本
Plus one_	Monith	93564006	83898877	1688900812	395044043	中国
Plus one_	Chasing the sun	93564006	93564560	1688900812	395044043	中国
Plus one_	Chasing the sun	93564006	93564560	1688897585	395030381	中国
Plus one_	DapTake	93564006	93974471	1688897585	395030381	韩国
Plus one_	duna_ak	93564006	89285607	1688892657	395013875	法国
Plus one_	Monith	93564006	83898877	1688885647	394998472	中国
Plus one_	Larz OK	93564006	84726591	1688885647	394998472	台湾
Plus one_	Monith	93564006	83898877	1688829016	394785609	中国
Plus one_	jiucai	93564006	94020171	1688829016	394785609	中国
Plus one_	Chasing the sun	93564006	93564560	1688829016	394785609	中国
Plus one_	Chasing the sun	93564006	93564560	1688825187	394782571	中国
Plus one_	lord drag	93564006	84089559	1688825187	394782571	比利时
Plus one_	Odwé	93564006	85307882	1688825187	394782571	法国
Plus one_	Chasing the sun	93564006	93564560	1688816925	394744226	中国
Plus one_	Chasing the sun	93564006	93564560	1688813511	394731313	中国
Plus one_	 YOY	93564006	84800887	1688813511	394731313	台湾
Plus one_	beautiful boy2	93564006	94460499	1688811678	394728877	中国
Plus one_	Monith	93564006	83898877	1688800327	394692351	中国
Plus one_	Want_You	93564006	84212710	1688800327	394692351	俄罗斯
Plus one_	Monith	93564006	83898877	1688796848	394680780	中国
Plus one_	Monith	93564006	83898877	1688791948	394660288	中国
Plus one_	bulbash01	93564006	84395480	1688791948	394660288	俄罗斯
Plus one_	Chasing the sun	93564006	93564560	1688791948	394660288	中国
Plus one_	Zmiy	93564006	88727611	1688778780	394631685	俄罗斯
Plus one_	Monith	93564006	83898877	1688740852	394471045	中国
Plus one_	Within the wind	93564006	94447506	1688740852	394471045	中国
Plus one_	Monith	93564006	83898877	1688737971	394456604	中国
Plus one_	doskoi203	93564006	88567977	1688737971	394456604	日本
Plus one_	Chasing the sun	93564006	93564560	1688737971	394456604	中国
Plus one_	kikate	93564006	88617526	1688728849	394425170	伊朗
Plus one_	kikate	93564006	88617526	1688722900	394400281	伊朗
Plus one_	Chasing the sun	93564006	93564560	1688722900	394400281	中国
Plus one_	Chasing the sun	93564006	93564560	1688713701	394375165	中国
Plus one_	Monith	93564006	83898877	1688713701	394375165	中国
Plus one_	kikate	93564006	88617526	1688713701	394375165	伊朗
Plus one_	beautiful boy2	93564006	94460499	1688710319	394366706	中国
Plus one_	Chasing the sun	93564006	93564560	1688710319	394366706	中国
Plus one_	Meow_nayao_	93564006	94308680	1688710319	394366706	泰国
Plus one_	kikate	93564006	88617526	1688698064	394338704	伊朗
Plus one_	GaGadexiaoheizi	93564006	94218692	1688657515	394170022	巴西
Plus one_	Chasing the sun	93564006	93564560	1688657515	394170022	中国
Plus one_	JungleLin	93564006	90491152	1688657515	394170022	台湾
Plus one_	Chasing the sun	93564006	93564560	1688651305	394145748	中国
Plus one_	Monith	93564006	83898877	1688651305	394145748	中国
Plus one_	REXRhys	93564006	93282090	1688651305	394145748	中国
Plus one_	MrHaG	93564006	83898417	1688642615	394109759	俄罗斯
Plus one_	And	93564006	64663358	1688639399	394096749	中国
Plus one_	Within the wind	93564006	94447506	1688639399	394096749	中国
Plus one_	Onityana	93564006	94401708	1688636167	394080879	中国
Plus one_	Chasing the sun	93564006	93564560	1688636167	394080879	中国
Plus one_	Within the wind	93564006	94447506	1688636167	394080879	中国
Plus one_	Chasing the sun	93564006	93564560	1688574091	393871341	中国
Plus one_	Chasing the sun	93564006	93564560	1688566721	393830366	中国
Plus one_	toinebsarg	93564006	85406457	1688558458	393808900	法国
Plus one_	Eme1601	93564006	84371025	1688552456	393773366	法国
Plus one_	ngtouyn	93564006	90929238	1688543015	393749356	越南
Plus one_	Sylvia_Enid	93564006	91746113	1688541937	393742133	中国
Plus one_	Helene_M	93564006	85944554	1688540110	393731397	法国
Plus one_	Chasing the sun	93564006	93564560	1688527719	393709474	中国
Plus one_	ghostdini	93564006	87700835	1688524230	393698974	美国
Plus one_	ISOTTALAMORA	93564006	90195191	1688485967	393549592	意大利
Plus one_	Chasing the sun	93564006	93564560	1688484405	393532032	中国
Plus one_	davidl85	93564006	83976283	1688484405	393532032	意大利
Plus one_	Chasing the sun	93564006	93564560	1688482988	393526039	中国
Plus one_	Chasing the sun	93564006	93564560	1688481769	393525993	中国
Plus one_	Timedust	93564006	85158687	1688470396	393479562	中国
Plus one_	Chasing the sun	93564006	93564560	1688467104	393455927	中国
Plus one_	Timedust	93564006	85158687	1688467104	393455927	中国
Plus one_	Monith	93564006	83898877	1688467104	393455927	中国
Plus one_	Chasing the sun	93564006	93564560	1688461629	393439789	中国
Plus one_	Sylvia_Enid	93564006	91746113	1688461629	393439789	中国
Plus one_	Niro	93564006	86355778	1688461629	393439789	日本
Plus one_	Monith	93564006	83898877	1688457031	393424667	中国
Plus one_	naluen	93564006	84511814	1688457031	393424667	中国
Plus one_	Chasing the sun	93564006	93564560	1688457031	393424667	中国
Plus one_	LJ_the_brave	93564006	3784734	1688454272	393420350	希腊
Plus one_	GiulioN	93564006	16286909	1688447955	393403733	意大利
Plus one_	fanny88	93564006	6374433	1688446896	393404570	法国
Plus one_	elimmad	93564006	92499900	1688435811	393365169	法国
Plus one_	luna16sag	93564006	85611604	1688434460	393363088	西班牙
Plus one_	luna16sag	93564006	85611604	1688430608	393359258	西班牙
Plus one_	Moderix	93564006	84609284	1688395754	393203650	俄罗斯
Plus one_	Monith	93564006	83898877	1688384814	393144823	中国
Plus one_	Chasing the sun	93564006	93564560	1688384814	393144823	中国
Plus one_	Nicol Bolas Guo	93564006	93586565	1688384814	393144823	中国
Plus one_	Chasing the sun	93564006	93564560	1688378212	393124427	中国
Plus one_	fdsgsgdgs	93564006	92354880	1688373972	393113943	日本
Plus one_	fdsgsgdgs	93564006	92354880	1688373436	393111151	日本
Plus one_	Nappa40	93564006	84936191	1688372313	393108738	法国
Plus one_	younoface	93564006	93729276	1688370866	393100114	中国
Plus one_	Chasing the sun	93564006	93564560	1688357976	393067629	中国
Plus one_	And	93564006	64663358	1688357976	393067629	中国
Plus one_	kkiiwwii	93564006	85002643	1688343140	393035713	台湾
Plus one_	elefanc	93564006	84157393	1688341020	393027757	法国
Plus one_	skyfly7	93564006	84810911	1688312772	392899627	中国
Plus one_	GaGadexiaoheizi	93564006	94218692	1688305720	392865231	巴西
Plus one_	Monith	93564006	83898877	1688305720	392865231	中国
Plus one_	Timedust	93564006	85158687	1688305720	392865231	中国
Plus one_	Chasing the sun	93564006	93564560	1688293312	392813380	中国
Plus one_	Daayama	93564006	89885120	1688293312	392813380	日本
Plus one_	beatuiful boy2	93564006	94468492	1688290567	392803371	中国
Plus one_	Chasing the sun	93564006	93564560	1688290567	392803371	中国
Plus one_	Monith	93564006	83898877	1688290567	392803371	中国
Plus one_	saltytaaa	93564006	88426718	1688287289	392793330	日本
Plus one_	Chasing the sun	93564006	93564560	1688277871	392768002	中国
Plus one_	Onityana	93564006	94401708	1688277871	392768002	中国
Plus one_	Chasing the sun	93564006	93564560	1688274701	392755644	中国
Plus one_	HeartsKing	93564006	83991019	1688267586	392730727	美国
Plus one_	Kittymiao05	93564006	87856682	1688263189	392724786	加拿大
Plus one_	BernardJ	93564006	83876618	1688260792	392726690	日本
Plus one_	kurigen	93564006	84669503	1688259992	392717119	日本
Plus one_	king orion	93564006	87031509	1688258984	392711066	日本
Plus one_	AnneFoff	93564006	87716377	1688226574	392583706	法国
Want_You	Plus one_	84212710	93564006	1689915115	399009151	中国
Want_You	hjaguar	84212710	84891713	1689915115	399009151	中国
Want_You	papmt	84212710	47413033	1689903975	398978725	中国
Want_You	Within the wind	84212710	94447506	1689052437	395636573	中国
Want_You	Cédric69	84212710	84243549	1689050932	395627459	法国
Want_You	Chasing the sun	84212710	93564560	1689049327	395629316	中国
Want_You	LJCLCJ	84212710	84014102	1689044188	395619372	台湾
Want_You	keita761282002	84212710	84196080	1689043328	395616501	台湾
Want_You	Chasing the sun	84212710	93564560	1689039778	395606850	中国
Want_You	jiucai	84212710	94020171	1688981407	395349446	中国
Want_You	egg-captain	84212710	85147397	1688978318	395335607	台湾
Want_You	Chasing the sun	84212710	93564560	1688969808	395314480	中国
Want_You	baschman	84212710	94014358	1688969808	395314480	美国
Want_You	15242308232	84212710	83880062	1688966961	395305663	中国
Want_You	15242308232	84212710	83880062	1688962975	395295914	中国
Want_You	Wormington	84212710	91144570	1688961241	395290840	澳大利亚
Want_You	Ikeacomehere	84212710	94460940	1688957647	395283271	ERROR
Want_You	pcat	84212710	29428733	1688617661	394035026	中国
Want_You	zakiyamada05	84212710	85700408	1688614050	394024048	日本
Want_You	You dont know	84212710	85430304	1688612670	394023794	澳大利亚
Want_You	jackie789456	84212710	16108033	1688611660	394022442	台湾
Want_You	Sylvia_Enid	84212710	91746113	1688544776	393754481	中国
Want_You	gufo779	84212710	84542168	1688538760	393738293	意大利
Want_You	Gezort	84212710	86747835	1688537029	393726729	津巴布韦
Want_You	cl40504	84212710	12569743	1688536542	393725327	台湾
Want_You	purittsuzz	84212710	84905405	1688529564	393715580	日本
Want_You	Nicol Bolas Guo	84212710	93586565	1688369421	393093123	中国
Want_You	LJCLCJ	84212710	84014102	1688369421	393093123	台湾
Want_You	Monith	84212710	83898877	1688369421	393093123	中国
